"링크 길이","시군구 코드","시군구명","읍면동 코드","읍면동명","안심벨","cctv","안심귀갓길 안내표지판","안심귀갓길 노면표기","보안등","안심귀갓길 서비스 안내판","112 위치신고 안내판","기타 시설물","안심귀갓길 id","안심귀갓길 명","조성년월","세부위치 설명","비고","데이터기준일자"
"305","1111000000","서울특별시 종로구","1111011000","누하동","4","13","","5","14","","4","","1111011000_04","종로안심04","2015","필운대로5길","","20221109"
"211.25","1111000000","서울특별시 종로구","1111011200","체부동","1","8","","3","7","","3","","1111011200_03","종로안심03","2015","자하문로5길","","20221109"
"481.92","1111000000","서울특별시 종로구","1111014900","원서동","3","5","","5","26","","4","","1111014900_01","종로안심01","2017","창덕궁1가길","","20221110"
"133.55","1111000000","서울특별시 종로구","1111016800","동숭동","2","2","","2","7","","3","","1111016800_04","혜화안심04","2017","동숭4나길","","20221117"
"247.78","1111000000","서울특별시 종로구","1111016900","혜화동","2","2","","6","15","","6","","1111016900_01","혜화안심01","2015","혜화로 6길","","20221117"
"387.53","1111000000","서울특별시 종로구","1111017300","명륜3가","3","7","","8","13","","7","","1111017300_03","혜화안심03","2015","성균관로5길","","20221109"
"506.28","1111000000","서울특별시 종로구","1111017300","명륜3가","2","12","","4","24","","5","","1111017300_07","혜화안심07","2015","명륜길","","20221111"
"206.37","1111000000","서울특별시 종로구","1111017400","창신동","2","2","","3","9","","2","","1111017400_02","혜화안심02","2017","지봉로11길","","20221110"
"394.45","1111000000","서울특별시 종로구","1111017400","창신동","","4","","3","15","","3","","1111017400_06","혜화안심06","2015","창신길","","20221110"
"278.71","1111000000","서울특별시 종로구","1111017400","창신동","4","4","","5","18","","6","","1111017400_08","혜화안심08","2015","창신5길","","20221110"
"354.3","1111000000","서울특별시 종로구","1111017400","창신동","3","6","","3","19","","3","","1111017400_09","혜화안심09","2015","창신11길","","20221111"
"265.36","1111000000","서울특별시 종로구","1111017500","숭인동","3","9","","3","14","","5","","1111017500_05","혜화안심05","2015","종로 63길","","20221109"
"657.38","1111000000","서울특별시 종로구","1111018100","행촌동","8","9","","8","3","","6","","1111018100_02","종로안심02","2017","사직로1길","","20221110"
"328.39","1111000000","서울특별시 종로구","1111018200","구기동","2","2","","4","17","","4","","1111018200_06","종로안심06","2015","진흥로22길","","20221117"
"335.15","1111000000","서울특별시 종로구","1111018600","신영동","4","4","","3","18","","3","","1111018600_05","종로안심05","2015","세검정로7나길","","20221117"
"207.33","1114000000","서울특별시 중구","1114012200","회현동2가","3","8","","3","11","","4","","1114012200_03","남대문안심03","2014","소공로30","","20221027"
"375.4","1114000000","서울특별시 중구","1114012800","남산동1가","3","12","","","13","","6","","1114012800_04","남대문안심04","2014","퇴계로18길","","20221028"
"576.02","1114000000","서울특별시 중구","1114013800","필동2가","4","17","","7","22","","7","","1114013800_01","중부안심01","2014","퇴계로36길","","20221027"
"499.1","1114000000","서울특별시 중구","1114014400","장충동2가","6","7","","4","17","","6","","1114014400_02","중부안심02","2014","동호로25가길","","20221014"
"290.63","1114000000","서울특별시 중구","1114016200","신당동","2","3","","3","1","1","3","","1114016200_03","중부안심03","2015","다산로42길","","20221025"
"516.48","1114000000","서울특별시 중구","1114016200","신당동","3","6","","6","38","","7","","1114016200_04","중부안심04","2015","퇴계로86길","","20221025"
"275.18","1114000000","서울특별시 중구","1114016200","신당동","2","12","","","16","","4","","1114016200_05","중부안심05","2014","다산로 162","","20221027"
"385.4","1114000000","서울특별시 중구","1114016200","신당동","3","4","","3","16","","4","","1114016200_06","중부안심06","2014","다산로14길","","20221024"
"430.82","1114000000","서울특별시 중구","1114016200","신당동","4","2","","6","15","","6","","1114016200_07","중부안심07","2014","다산로33길","","20221014"
"218.55","1114000000","서울특별시 중구","1114016500","황학동","","2","","","8","","","","1114016500_08","중부안심08","2022","마장로18길","","20221014"
"186.56","1114000000","서울특별시 중구","1114017100","중림동","2","9","","3","12","","4","","1114017100_05","남대문안심05","2014","중림로 4길","","20221027"
"398.79","1114000000","서울특별시 중구","1114017100","중림동","4","16","","7","1","","6","","1114017100_06","남대문안심06","2015","만리재로35길","","20221014"
"191.58","1114000000","서울특별시 중구","1114017100","중림동","2","4","","4","9","","5","","1114017100_07","남대문안심07","2014","서소문로 34","","20221027"
"446.96","1117000000","서울특별시 용산구","1117010100","후암동","3","3","","6","19","","7","","1117010100_03","용산안심03","2014","온누리부동산 옆","","20220906"
"283.32","1117000000","서울특별시 용산구","1117010200","용산동2가","2","3","","4","14","","3","","1117010200_04","용산안심04","2014","소월로20길","","20220906"
"302.85","1117000000","서울특별시 용산구","1117010500","남영동","2","3","","7","21","","6","","1117010500_05","용산안심05","2014","두텁바위로1길","","20220906"
"408.73","1117000000","서울특별시 용산구","1117011000","청파동2가","1","4","1","7","21","","7","","1117011000_01","용산안심01","2013","청파로47나길","","20220906"
"364.4","1117000000","서울특별시 용산구","1117011100","청파동3가","4","6","","4","28","","7","","1117011100_02","용산안심02","2013","청파로43길","","20220906"
"292.78","1117000000","서울특별시 용산구","1117012400","한강로1가","2","2","","6","9","","6","","1117012400_16","용산안심16","2013","한강대로62길","","20220907"
"272.16","1117000000","서울특별시 용산구","1117012500","한강로2가","1","1","","4","1","","4","","1117012500_17","용산안심17","2013","한강대로 40길","","20220907"
"742.27","1117000000","서울특별시 용산구","1117012900","이촌동","3","7","","8","41","","7","","1117012900_14","용산안심14","2014","이촌로2가길","","20220913"
"248.17","1117000000","서울특별시 용산구","1117012900","이촌동","3","8","","3","24","","3","","1117012900_18","용산안심18","2014","이촌로65가길","","20220913"
"318.64","1117000000","서울특별시 용산구","1117013000","이태원동","3","3","","8","15","","7","","1117013000_06","용산안심06","2014","이태원로14길","","20220913"
"414.42","1117000000","서울특별시 용산구","1117013100","한남동","","4","","4","15","","5","","1117013100_07","용산안심07","2014","한남대로40길","","20220907"
"513.16","1117000000","서울특별시 용산구","1117013100","한남동","4","6","","7","18","","6","","1117013100_08","용산안심08","2014","이태원로54길","","20220907"
"450.49","1117000000","서울특별시 용산구","1117013100","한남동","2","4","","6","25","","6","","1117013100_09","용산안심09","2014","우사단로10다길","","20220914"
"198.91","1117000000","서울특별시 용산구","1117013200","동빙고동","1","6","","3","11","","3","","1117013200_12","용산안심12","2014","서빙고로75길","","20220913"
"377.78","1117000000","서울특별시 용산구","1117013600","보광동","2","4","","8","2","","7","","1117013600_10","용산안심10","2014","우사단로2길","","20220914"
"264.99","1117000000","서울특별시 용산구","1117013600","보광동","2","4","","5","12","","4","","1117013600_11","용산안심11","2014","우사단로6길","","20220915"
"267.63","1117000000","서울특별시 용산구","1117013600","보광동","","1","","6","12","","5","","1117013600_13","용산안심13","2014","보광로14길","","20220915"
"433.69","1120000000","서울특별시 성동구","1120010200","하왕십리동","6","22","2","","27","","6","1","1120010200_08","성동안심08","2014","무학봉15길","","20220914"
"460.01","1120000000","서울특별시 성동구","1120010200","하왕십리동","4","25","","","23","","4","","1120010200_09","성동안심09","2014","왕십시로31길","","20220914"
"189.57","1120000000","서울특별시 성동구","1120010600","사근동","1","5","6","","8","","","2","1120010600_16","성동안심16","2021","사근동10길","","20220914"
"479.57","1120000000","서울특별시 성동구","1120011400","성수동1가","4","9","","5","2","","3","","1120011400_03","성동안심03","2014","서울숲2길","","20220812"
"288.17","1120000000","서울특별시 성동구","1120012200","용답동","1","3","","5","11","","9","","1120012200_14","성동안심14","2015","용답길","","20220914"
"312.88","1120000000","서울특별시 성동구","1120012200","용답동","3","17","","4","13","","4","","1120012200_15","성동안심15","2016","용답길","","20220914"
"561.15","1121500000","서울특별시 광진구","1121510100","중곡동","2","1","","","27","","3","","1121510100_04","광진안심04","2014","천호대로201길","","20220729"
"212.56","1121500000","서울특별시 광진구","1121510100","중곡동","1","3","","4","6","","4","","1121510100_05","광진안심05","2014","능동로40길","","20220729"
"291.22","1121500000","서울특별시 광진구","1121510100","중곡동","2","9","","4","9","","","","1121510100_06","광진안심06","2014","천호대로111길","","20220729"
"227.11","1121500000","서울특별시 광진구","1121510100","중곡동","2","6","","","7","","2","","1121510100_07","광진안심07","2014","능동로51길","","20220729"
"386.22","1121500000","서울특별시 광진구","1121510100","중곡동","2","1","","","19","","1","","1121510100_08","광진안심08","2014","천호대로127길","","20220729"
"381.81","1121500000","서울특별시 광진구","1121510300","구의동","3","5","6","","17","","4","","1121510300_02","광진안심02","2019","구의로4길","","20220727"
"414.77","1121500000","서울특별시 광진구","1121510300","구의동","3","9","","","11","","3","","1121510300_03","광진안심03","2014","천호대로130길","","20220729"
"297.03","1121500000","서울특별시 광진구","1121510500","자양동","5","8","","","16","","4","","1121510500_09","광진안심09","2014","자양로5길","","20220727"
"389.74","1121500000","서울특별시 광진구","1121510500","자양동","1","5","","5","17","","2","","1121510500_10","광진안심10","2014","아차산로40길","","20220727"
"374.98","1121500000","서울특별시 광진구","1121510500","자양동","3","3","","","14","","3","","1121510500_11","광진안심11","2014","아차산로41길","","20220727"
"263.46","1121500000","서울특별시 광진구","1121510500","자양동","2","11","","","11","","3","","1121510500_12","광진안심12","2014","능동로7길","","20220727"
"289.44","1121500000","서울특별시 광진구","1121510700","화양동","4","16","","","13","","1","","1121510700_01","광진안심01","2014","동일로24길","","20220727"
"477.26","1123000000","서울특별시 동대문구","1123010200","용두동","4","14","","3","22","","3","1","1123010200_04","동대문안심04","2014","고산자로30길","","20221018"
"363.27","1123000000","서울특별시 동대문구","1123010300","제기동","1","4","","3","18","","2","2","1123010300_24","동대문안심24","2014","왕산로 19길","","20221020"
"488.99","1123000000","서울특별시 동대문구","1123010400","전농동","5","18","22","2","22","","3","","1123010400_10","동대문안심10","2014","전농로37길","","20221018"
"543.07","1123000000","서울특별시 동대문구","1123010400","전농동","7","21","27","7","26","","7","","1123010400_12","동대문안심12","2014","전농로20길","","20221020"
"483.88","1123000000","서울특별시 동대문구","1123010500","답십리동","2","6","","4","17","","1","","1123010500_01","동대문안심01","2014","서울시립대로4길","","20221017"
"689.1","1123000000","서울특별시 동대문구","1123010600","장안동","2","8","","3","23","","2","","1123010600_14","동대문안심14","2014","답십리로66길","","20221018"
"683.36","1123000000","서울특별시 동대문구","1123010600","장안동","2","5","","3","17","","3","","1123010600_16","동대문안심16","2014","답십리로65길","","20221018"
"353.71","1123000000","서울특별시 동대문구","1123010700","청량리동","3","13","13","3","23","","3","","1123010700_23","동대문안심23","2014","왕산로 45길","","20221018"
"311.53","1123000000","서울특별시 동대문구","1123010800","회기동","3","8","","4","14","","5","","1123010800_06","동대문안심06","2014","회기로12길","","20221020"
"550.66","1123000000","서울특별시 동대문구","1123010900","휘경동","5","19","","2","29","","3","","1123010900_20","동대문안심20","2014","망우로 16길","","20221203"
"628.27","1123000000","서울특별시 동대문구","1123011000","이문동","4","11","","2","25","","3","","1123011000_18","동대문안심18","2014","천장산로7길","","20221020"
"223.79","1126000000","서울특별시 중랑구","1126010100","면목동","3","11","1","2","12","","8","","1126010100_03","중랑안심03","2018","겸재로35길","","20220809"
"261.57","1126000000","서울특별시 중랑구","1126010100","면목동","2","11","2","4","1","1","7","","1126010100_04","중랑안심04","2018","겸재로44길","","20220809"
"288.83","1126000000","서울특별시 중랑구","1126010100","면목동","5","21","","3","2","","","","1126010100_05","중랑안심05","2018","동일로101길","","20220809"
"167.36","1126000000","서울특별시 중랑구","1126010100","면목동","3","8","","1","12","","1","","1126010100_07","중랑안심07","2018","면목로45길","","20220819"
"443.31","1126000000","서울특별시 중랑구","1126010100","면목동","6","13","","2","2","","7","","1126010100_08","중랑안심08","2018","면목로54길","","20220819"
"453.17","1126000000","서울특별시 중랑구","1126010100","면목동","4","8","","3","16","","7","","1126010100_09","중랑안심09","2018","용마산로84길","","20220819"
"357.58","1126000000","서울특별시 중랑구","1126010100","면목동","2","1","","3","39","","3","","1126010100_12","중랑안심12","2018","겸재로4길","","20220809"
"329.93","1126000000","서울특별시 중랑구","1126010100","면목동","2","1","","","15","","","","1126010100_13","중랑안심13","2018","답십리로77길","","20220805"
"259.01","1126000000","서울특별시 중랑구","1126010100","면목동","3","8","","1","17","","5","","1126010100_14","중랑안심14","2020","사가정로42길","","20220805"
"369.96","1126000000","서울특별시 중랑구","1126010200","상봉동","4","8","","2","16","","1","","1126010200_06","중랑안심06","2018","망우로42길","","20220818"
"323.62","1126000000","서울특별시 중랑구","1126010300","중화동","","3","","5","12","","5","","1126010300_16","중랑안심16","2018","봉화산로 4길","","20220818"
"313.63","1126000000","서울특별시 중랑구","1126010300","중화동","1","4","12","3","11","","3","5","1126010300_21","중랑안심21","2020","봉화산로33길","","20220818"
"209.84","1126000000","서울특별시 중랑구","1126010400","묵동","2","5","","3","7","","3","","1126010400_19","중랑안심19","2018","동일로156길","","20220818"
"478.58","1126000000","서울특별시 중랑구","1126010500","망우동","4","11","2","5","25","","3","","1126010500_01","중랑안심01","2018","봉우재로71길","","20220818"
"255.26","1126000000","서울특별시 중랑구","1126010500","망우동","4","11","","5","9","","3","","1126010500_02","중랑안심02","2018","망우로72길","","20220818"
"300.01","1126000000","서울특별시 중랑구","1126010600","신내동","2","7","","4","15","","2","","1126010600_10","중랑안심10","2018","봉화산로53길","","20220818"
"347.19","1129000000","서울특별시 성북구","1129010100","성북동","4","11","","4","12","","4","","1129010100_14","성북안심14","2021","성북로8길","","20220923"
"197.01","1129000000","서울특별시 성북구","1129010200","성북동1가","1","3","","5","9","","5","","1129010200_13","성북안심13","2021","창경궁로43길","","20220923"
"253.14","1129000000","서울특별시 성북구","1129010400","동소문동1가","1","2","","5","9","","5","","1129010400_03","성북안심03","2021","성북로2길","","20220922"
"302.01","1129000000","서울특별시 성북구","1129011100","삼선동1가","3","1","","4","13","","4","2","1129011100_04","성북안심04","2021","삼선교로4길","","20220922"
"228.4","1129000000","서울특별시 성북구","1129011500","삼선동5가","1","7","","4","14","","3","","1129011500_05","성북안심05","2021","보문로31길","","20220920"
"197.84","1129000000","서울특별시 성북구","1129011700","동선동2가","1","3","","5","8","","5","","1129011700_01","성북안심01","2021","동소문로22길","","20220920"
"270.03","1129000000","서울특별시 성북구","1129011900","동선동4가","2","9","2","4","1","","5","","1129011900_02","성북안심02","2021","동소문로23길","","20220920"
"436.03","1129000000","서울특별시 성북구","1129013300","정릉동","2","7","","5","14","","3","","1129013300_07","성북안심07","2021","정릉로 36길","","20220922"
"194.24","1129000000","서울특별시 성북구","1129013300","정릉동","2","7","","4","11","","4","","1129013300_08","성북안심08","2021","정릉로38길","","20220922"
"300.22","1129000000","서울특별시 성북구","1129013300","정릉동","3","9","","4","12","","4","1","1129013300_09","성북안심09","2021","보국문로18길","","20220929"
"326.84","1129000000","서울특별시 성북구","1129013300","정릉동","3","14","","4","11","","4","","1129013300_10","성북안심10","2021","솔샘로6길","","20220929"
"356.05","1129000000","서울특별시 성북구","1129013300","정릉동","5","18","","5","17","","6","1","1129013300_11","성북안심11","2021","정릉로27길","","20220923"
"361.8","1129000000","서울특별시 성북구","1129013300","정릉동","4","15","","4","19","","4","","1129013300_12","성북안심12","2021","아리랑로 19길","","20220923"
"253.78","1129000000","서울특별시 성북구","1129013600","하월곡동","3","8","","2","11","","4","11","1129013500_10","종암안심10","2014","북악산로29길","","20220929"
"211.21","1129000000","서울특별시 성북구","1129013500","종암동","4","5","","4","11","","4","","1129013500_11","종암안심11","2014","회기로3가길","","20220920"
"411.71","1129000000","서울특별시 성북구","1129013500","종암동","4","1","","4","24","","4","","1129013500_12","종암안심12","2014","종암로14길","","20220920"
"429.9","1129000000","서울특별시 성북구","1129013600","하월곡동","2","5","","3","18","","6","","1129013600_07","종암안심07","2019","화랑로5길","","20220929"
"598.45","1129000000","서울특별시 성북구","1129013600","하월곡동","5","14","","3","24","","3","","1129013600_08","종암안심08","2014","종암로 36길","","20220929"
"339.19","1129000000","서울특별시 성북구","1129013600","하월곡동","4","14","1","5","2","","6","1","1129013600_09","종암안심09","2014","장월로1마길","","20220929"
"469.57","1129000000","서울특별시 성북구","1129013800","장위동","3","8","","4","16","","4","","1129013800_04","종암안심04","2014","돌곶이로25길","안심길 공사중","20220929"
"625.48","1129000000","서울특별시 성북구","1129013800","장위동","6","25","","4","38","","4","","1129013800_06","종암안심06","2014","장위로 21길","","20220927"
"495.08","1129000000","서울특별시 성북구","1129013900","석관동","5","15","9","4","27","","7","","1129013900_01","종암안심01","2014","돌곶이로21길","","20220927"
"290.63","1129000000","서울특별시 성북구","1129013900","석관동","3","9","","1","13","","3","","1129013900_02","종암안심02","2014","화랑로40길","","20220927"
"245.75","1129000000","서울특별시 성북구","1129013900","석관동","2","6","","4","14","","6","1","1129013900_03","종암안심03","2014","화랑로22길","","20220927"
"510","1130500000","서울특별시 강북구","1130510100","미아동","5","5","3","7","16","","9","","1130510100_01","강북안심01","2014","도봉로18길","","20221013"
"421.27","1130500000","서울특별시 강북구","1130510100","미아동","5","18","7","8","15","","14","","1130510100_02","강북안심02","2014","도봉로 76길","","20221012"
"369.93","1130500000","서울특별시 강북구","1130510100","미아동","1","8","8","9","22","","8","","1130510100_04","강북안심04","2014","도봉로10다길","","20221013"
"435.82","1130500000","서울특별시 강북구","1130510100","미아동","2","3","","","15","","","","1130510100_05","강북안심05","2014","도봉로61길","","20221012"
"303.64","1130500000","서울특별시 강북구","1130510100","미아동","2","7","","7","18","","7","","1130510100_06","강북안심06","2014","도봉로 8길","","20221013"
"471.52","1130500000","서울특별시 강북구","1130510100","미아동","2","5","2","6","13","","6","","1130510100_07","강북안심07","2014","도봉로67길","","20221012"
"346.92","1130500000","서울특별시 강북구","1130510100","미아동","4","9","1","6","8","","6","","1130510100_23","강북안심23","2015","도봉로53길","","20221013"
"426.92","1130500000","서울특별시 강북구","1130510200","번동","3","8","11","9","2","1","18","","1130510200_18","강북안심18","2014","덕릉로 41길","","20221006"
"497.24","1130500000","서울특별시 강북구","1130510200","번동","4","15","3","8","15","","9","","1130510200_19","강북안심19","2014","도봉로96길","","20221006"
"671.78","1130500000","서울특별시 강북구","1130510200","번동","5","11","6","9","28","","17","","1130510200_20","강북안심20","2014","한천로123길","","20221006"
"157.43","1130500000","서울특별시 강북구","1130510200","번동","1","4","","4","8","","4","","1130510200_21","강북안심21","2014","오현로34길","","20221012"
"512.22","1130500000","서울특별시 강북구","1130510300","수유동","4","9","5","7","27","","13","","1130510300_03","강북안심03","2014","도봉로49길","","20221013"
"508.93","1130500000","서울특별시 강북구","1130510300","수유동","6","16","3","7","15","","6","","1130510300_08","강북안심08","2014","수유로4길","","20221012"
"507.87","1130500000","서울특별시 강북구","1130510300","수유동","5","17","","8","29","","8","","1130510300_09","강북안심09","2014","노해로 33길","","20221005"
"354.96","1130500000","서울특별시 강북구","1130510300","수유동","2","5","","5","13","","5","","1130510300_10","강북안심10","2014","삼양로131길","","20221005"
"435.1","1130500000","서울특별시 강북구","1130510300","수유동","3","6","3","6","16","","12","","1130510300_12","강북안심12","2014","도봉로 97길","","20221005"
"481.23","1130500000","서울특별시 강북구","1130510300","수유동","2","7","8","8","25","","18","","1130510300_13","강북안심13","2014","노해로 11길","","20221006"
"621.2","1130500000","서울특별시 강북구","1130510300","수유동","5","13","11","11","32","","15","3","1130510300_14","강북안심14","2014","도봉로83길","","20221006"
"447.06","1130500000","서울특별시 강북구","1130510300","수유동","3","5","1","6","2","","5","","1130510300_15","강북안심15","2014","인수봉로56길","","20221006"
"497.24","1130500000","서울특별시 강북구","1130510300","수유동","5","15","2","7","18","","7","1","1130510300_16","강북안심16","2014","인수봉로75길","","20221005"
"575.74","1130500000","서울특별시 강북구","1130510300","수유동","5","5","4","7","23","","7","1","1130510300_17","강북안심17","2014","인수봉로73길","","20221005"
"420.36","1130500000","서울특별시 강북구","1130510400","우이동","3","8","","7","23","","5","","1130510400_11","강북안심11","2014","삼양로155길","","20221005"
"172.09","1132000000","서울특별시 도봉구","1132010500","쌍문동","1","2","7","2","1","","2","","1132010500_10","도봉안심10","2013","도봉로135길","","20220915"
"307.88","1132000000","서울특별시 도봉구","1132010500","쌍문동","2","7","1","6","13","","6","","1132010500_11","도봉안심11","2013","도봉로121길","","20220915"
"260.85","1132000000","서울특별시 도봉구","1132010500","쌍문동","5","4","15","4","14","","4","","1132010500_12","도봉안심12","2013","우이천로42길","","20220805"
"464.41","1132000000","서울특별시 도봉구","1132010500","쌍문동","3","1","2","6","21","","6","","1132010500_13","도봉안심13","2013","도봉로117길","","20221203"
"259.79","1132000000","서울특별시 도봉구","1132010500","쌍문동","2","3","","3","13","","3","","1132010500_14","도봉안심14","2013","우이천로38길","","20220819"
"191.09","1132000000","서울특별시 도봉구","1132010600","방학동","2","6","","3","13","","4","","1132010600_03","도봉안심03","2013","도봉로149길","","20220915"
"384.16","1132000000","서울특별시 도봉구","1132010600","방학동","3","8","1","6","2","","7","","1132010600_04","도봉안심04","2013","도봉로150다길","","20220915"
"193.01","1132000000","서울특별시 도봉구","1132010600","방학동","3","7","","3","13","","4","","1132010600_05","도봉안심05","2013","방학로10길","","20220915"
"263.51","1132000000","서울특별시 도봉구","1132010600","방학동","3","11","4","3","17","","3","","1132010600_06","도봉안심06","2013","도당로13나길","특별순찰구역 표지판, 마중길(우리지역 안전 지킴이) 표지판","20220915"
"247.5","1132000000","서울특별시 도봉구","1132010700","창동","3","8","1","4","15","","4","","1132010700_01","도봉안심01","2013","도봉로118길","","20220915"
"270.9","1132000000","서울특별시 도봉구","1132010700","창동","","4","1","3","13","","2","","1132010700_02","도봉안심02","2013","덕릉로59길","","20220915"
"181.32","1132000000","서울특별시 도봉구","1132010800","도봉동","","2","","3","7","","2","","1132010800_07","도봉안심07","2013","도봉로165길","","20220915"
"336.92","1135000000","서울특별시 노원구","1135010200","월계동","3","3","","5","1","","5","","1135010200_03","노원안심03","2013","월계로44길","","20220902"
"288.01","1135000000","서울특별시 노원구","1135010200","월계동","2","2","","3","13","","4","","1135010200_04","노원안심04","2013","초안산로2길","","20220902"
"326.08","1135000000","서울특별시 노원구","1135010200","월계동","3","6","1","4","12","","4","","1135010200_05","노원안심05","2013","석계로15길","","20220902"
"237.46","1135000000","서울특별시 노원구","1135010300","공릉동","2","2","3","7","7","","5","","1135010300_06","노원안심06","2013","동일로183길","","20220902"
"203.31","1135000000","서울특별시 노원구","1135010300","공릉동","3","3","2","7","1","","7","","1135010300_07","노원안심07","2013","동일로186길","","20220902"
"347.13","1135000000","서울특별시 노원구","1135010300","공릉동","3","3","2","4","12","","8","","1135010300_08","노원안심08","2013","공릉로42길","","20220902"
"225.22","1135000000","서울특별시 노원구","1135010400","하계동","2","4","","7","15","","7","","1135010400_01","노원안심01","2013","공릉로58마길","","20220824"
"132.36","1135000000","서울특별시 노원구","1135010400","하계동","1","1","","4","7","","4","","1135010400_02","노원안심02","2013","공릉로59나길","","20220824"
"276.59","1135000000","서울특별시 노원구","1135010500","상계동","","4","","4","11","","8","","1135010500_09","노원안심09","2013","노원로","","20220826"
"477.2","1135000000","서울특별시 노원구","1135010500","상계동","2","4","1","","2","","8","","1135010500_10","노원안심10","2013","상계로12길","","20220826"
"435.06","1135000000","서울특별시 노원구","1135010500","상계동","4","11","","4","17","","7","1","1135010500_13","노원안심13","2013","한글비석로24다길","","20220826"
"427.25","1135000000","서울특별시 노원구","1135010500","상계동","4","1","","4","21","","7","","1135010500_14","노원안심14","2013","한글비석로41가길","","20220826"
"388.14","1135000000","서울특별시 노원구","1135010500","상계동","2","7","","4","15","","7","","1135010500_15","노원안심15","2013","덕릉로126가길","","20220907"
"271.51","1135000000","서울특별시 노원구","1135010500","상계동","4","5","","4","1","","6","","1135010500_16","노원안심16","2013","상계로33길","","20220907"
"333.33","1135000000","서울특별시 노원구","1135010500","상계동","3","7","","7","13","","7","","1135010500_17","노원안심17","2013","동일로241가길","","20220907"
"337.42","1135000000","서울특별시 노원구","1135010500","상계동","3","6","","8","13","","6","","1135010500_18","노원안심18","2013","동일로239길","","20220907"
"185.71","1135000000","서울특별시 노원구","1135010600","중계동","2","4","","4","1","","5","","1135010600_11","노원안심11","2013","중계로16길","","20220825"
"223.03","1135000000","서울특별시 노원구","1135010600","중계동","3","7","","4","9","","4","","1135010600_12","노원안심12","2013","중계로14길","","20220825"
"295.7","1138000000","서울특별시 은평구","1138010200","녹번동","1","3","","5","9","","5","1","1138010200_05","서부안심05","2014","녹번로6길","","20221025"
"364.24","1138000000","서울특별시 은평구","1138010300","불광동","2","12","","4","16","","5","","1138010300_01","은평안심01","2013","통일로","","20221109"
"479.41","1138000000","서울특별시 은평구","1138010400","갈현동","2","15","","4","13","","5","","1138010400_03","은평안심03","2013","갈현로41길","","20221109"
"340.84","1138000000","서울특별시 은평구","1138010600","대조동","2","14","","4","18","","4","","1138010600_02","은평안심02","2013","연서로 26길","","20221109"
"516.9","1138000000","서울특별시 은평구","1138010600","대조동","2","16","","5","21","","5","","1138010600_04","은평안심04","2013","연서로 11길","","20221109"
"314.29","1138000000","서울특별시 은평구","1138010700","응암동","","12","","1","16","","2","","1138010700_01","서부안심01","2014","응암로32길","","20221114"
"205.26","1138000000","서울특별시 은평구","1138010700","응암동","1","8","","3","7","","3","","1138010700_03","서부안심03","2013","불광천길","","20221109"
"570.39","1138000000","서울특별시 은평구","1138010800","역촌동","1","19","","6","24","","12","","1138010800_02","서부안심02","2014","은평로3길","","20221109"
"305.95","1138000000","서울특별시 은평구","1138010800","역촌동","1","12","","4","14","","4","","1138010800_06","서부안심06","2014","진흥로9길","","20221110"
"522.51","1138000000","서울특별시 은평구","1138010900","신사동","2","13","1","6","18","","6","","1138010900_04","서부안심04","2014","은평로","","20221109"
"267.75","1141000000","서울특별시 서대문구","1141011000","북아현동","1","3","","5","12","","5","","1141011000_01","서대문안심01","2015","신촌로37길","","20221111"
"575.21","1141000000","서울특별시 서대문구","1141011000","북아현동","3","6","","6","33","","6","","1141011000_02","서대문안심02","2015","북아현로22길","","20221110"
"260.16","1141000000","서울특별시 서대문구","1141011100","홍제동","2","6","","3","14","","5","","1141011100_07","서대문안심07","2015","세검정로4가길","","20221115"
"262.04","1141000000","서울특별시 서대문구","1141011100","홍제동","1","3","","3","11","","5","","1141011100_14","서대문안심14","2015","통일로37길","","20221115"
"232.92","1141000000","서울특별시 서대문구","1141011100","홍제동","","5","","3","12","","4","","1141011100_15","서대문안심15","2015","통일로36길","","20221115"
"295.56","1141000000","서울특별시 서대문구","1141011300","대신동","2","4","","6","14","","5","","1141011300_04","서대문안심04","2015","연대동문길","","20221109"
"380.05","1141000000","서울특별시 서대문구","1141011600","창천동","1","5","","5","2","","5","","1141011600_03","서대문안심03","2015","신촌로","","20221109"
"202.24","1141000000","서울특별시 서대문구","1141011700","연희동","1","6","","4","11","","4","1","1141011700_08","서대문안심08","2015","성산로17길","","20221109"
"527.84","1141000000","서울특별시 서대문구","1141011700","연희동","2","1","","6","28","","6","1","1141011700_09","서대문안심09","2015","홍제천로2길","","20221110"
"218.11","1141000000","서울특별시 서대문구","1141011800","홍은동","2","4","","2","12","","3","","1141011800_06","서대문안심06","2015","홍은중앙로","","20221109"
"142.39","1141000000","서울특별시 서대문구","1141011800","홍은동","2","3","","3","6","","3","","1141011800_16","서대문안심16","2015","연희로41가길","","20221115"
"234.55","1141000000","서울특별시 서대문구","1141011800","홍은동","1","6","","4","12","","6","","1141011800_17","서대문안심17","2015","명지대2안길","","20221110"
"349.55","1141000000","서울특별시 서대문구","1141011900","북가좌동","1","5","","5","2","","6","","1141011900_12","서대문안심12","2015","거북골로18길","","20221110"
"216.74","1141000000","서울특별시 서대문구","1141011900","북가좌동","1","4","","3","12","","3","","1141011900_13","서대문안심13","2015","증가로26길","","20221115"
"312.76","1141000000","서울특별시 서대문구","1141012000","남가좌동","1","4","","5","12","","4","","1141012000_10","서대문안심10","2015","가재울로6길","","20221109"
"345.64","1141000000","서울특별시 서대문구","1141012000","남가좌동","1","3","","4","12","","3","","1141012000_11","서대문안심11","2015","거북골로","","20221109"
"277.07","1144000000","서울특별시 마포구","1144010100","아현동","3","3","","4","13","","3","","1144010100_01","마포안심01","2016","손기정로","","20220831"
"259.49","1144000000","서울특별시 마포구","1144010800","대흥동","2","3","2","3","8","","3","","1144010800_02","마포안심02","2019","고산18길","","20220831"
"454.38","1144000000","서울특별시 마포구","1144011000","노고산동","5","5","","4","19","","5","","1144011000_05","마포안심05","2019","신촌로20길","","20220831"
"224.11","1144000000","서울특별시 마포구","1144011300","구수동","2","3","","4","9","","4","","1144011300_04","마포안심04","2019","독막로 24길","","20220831"
"540.94","1144000000","서울특별시 마포구","1144011400","창전동","4","4","","8","19","","6","","1144011400_06","마포안심06","2013","와우산로 26길","","20220831"
"331.63","1144000000","서울특별시 마포구","1144011500","상수동","3","3","","6","14","","7","","1144011500_03","마포안심03","2019","와우산로5길","","20220905"
"181.73","1144000000","서울특별시 마포구","1144012100","동교동","1","1","","3","6","","4","","1144012100_09","마포안심09","2013","동교로27길","","20220831"
"334.24","1144000000","서울특별시 마포구","1144012300","망원동","2","2","","4","13","","6","","1144012300_08","마포안심08","2013","월드컵로14길","","20220831"
"417.3","1144000000","서울특별시 마포구","1144012300","망원동","2","3","","5","14","","6","","1144012300_10","마포안심10","2019","동교로9길","","20220905"
"258.91","1144000000","서울특별시 마포구","1144012500","성산동","2","2","","4","11","","4","","1144012500_07","마포안심07","2013","월드컵북로16길","","20220831"
"486.76","1147000000","서울특별시 양천구","1147010100","신정동","4","7","2","6","33","","14","","1147010100_01","양천안심01","2015","오목로 41길","","20221109"
"638.69","1147000000","서울특별시 양천구","1147010300","신월동","4","6","","8","28","","14","","1147010300_02","양천안심02","2015","양강초등학교,양강중학교 사잇길","","20221109"
"388.8","1147000000","서울특별시 양천구","1147010300","신월동","3","4","","7","21","","7","1","1147010300_03","양천안심03","2015","남부순환로 58길","","20221109"
"391.03","1147000000","서울특별시 양천구","1147010300","신월동","1","8","","6","24","","7","1","1147010300_04","양천안심04","2015","남부순환로 33길","","20221109"
"292.98","1150000000","서울특별시 강서구","1150010100","염창동","3","3","","5","16","","4","","1150010100_16","강서안심16","2014","양천로69길","","20221027"
"309.33","1150000000","서울특별시 강서구","1150010200","등촌동","2","2","","4","12","","4","","1150010200_17","강서안심17","2014","공항대로55길","","20221027"
"251.7","1150000000","서울특별시 강서구","1150010200","등촌동","2","2","","5","11","","3","","1150010200_20","강서안심20","2016","공항대로58길","","20221026"
"232.19","1150000000","서울특별시 강서구","1150010200","등촌동","3","4","","4","9","","4","","1150010200_21","강서안심21","2014","등촌로53길","","20221026"
"232.43","1150000000","서울특별시 강서구","1150010300","화곡동","2","1","","4","1","","4","","1150010300_01","강서안심01","2014","까치산로24길","","20221021"
"218.68","1150000000","서울특별시 강서구","1150010300","화곡동","2","3","","4","11","","4","","1150010300_02","강서안심02","2014","까친산로14길","","20221021"
"302.13","1150000000","서울특별시 강서구","1150010300","화곡동","1","2","","6","9","","6","","1150010300_05","강서안심05","2014","곰달래로31길","","20221020"
"376.54","1150000000","서울특별시 강서구","1150010300","화곡동","3","8","4","5","22","","5","","1150010300_06","강서안심06","2014","등촌로13바길","","20221020"
"338.36","1150000000","서울특별시 강서구","1150010300","화곡동","3","3","4","6","14","","5","","1150010300_15","강서안심15","2016","강서로15길","","20221024"
"365.52","1150000000","서울특별시 강서구","1150010300","화곡동","5","6","","5","15","","","","1150010300_19","강서안심19","2016","강서로35길","","20221024"
"286.85","1150000000","서울특별시 강서구","1150010800","공항동","3","3","","4","11","","4","","1150010800_08","강서안심08","2014","공항대로8길","","20221025"
"268.56","1150000000","서울특별시 강서구","1150010800","공항동","1","1","","4","8","","5","","1150010800_09","강서안심09","2016","방화대로21길","","20221028"
"483.42","1150000000","서울특별시 강서구","1150010900","방화동","2","2","","7","16","","5","","1150010900_07","강서안심07","2014","초원로16길","","20221025"
"159.46","1150000000","서울특별시 강서구","1150010900","방화동","1","2","","","6","","2","","1150010900_23","강서안심23","2016","금낭화로24길","","20221019"
"149.5","1150000000","서울특별시 강서구","1150010900","방화동","1","1","","2","7","","2","","1150010900_24","강서안심24","2016","금낭화로24나길","","20221019"
"231.83","1153000000","서울특별시 구로구","1153010200","구로동","1","2","","3","17","","","","1153010200_01","구로안심01","2019","구로동로35가길","","20220729"
"269.49","1153000000","서울특별시 구로구","1153010200","구로동","1","4","","2","11","","","","1153010200_02","구로안심02","2019","공원로6나길","","20220729"
"203.48","1153000000","서울특별시 구로구","1153010200","구로동","2","4","1","3","9","","","","1153010200_05","구로안심05","2019","구로동로8길","","20220727"
"382.34","1153000000","서울특별시 구로구","1153010200","구로동","3","5","17","2","19","","","","1153010200_14","구로안심14","2019","디지털로32가길","","20220727"
"288.37","1153000000","서울특별시 구로구","1153010300","가리봉동","3","6","1","5","13","","","","1153010300_16","구로안심16","2019","우마1길","","20220727"
"502.36","1153000000","서울특별시 구로구","1153010600","고척동","3","4","","2","21","","","","1153010600_06","구로안심06","2019","경서로1가길","","20220729"
"388.69","1153000000","서울특별시 구로구","1153010700","개봉동","3","4","","4","17","","","","1153010700_10","구로안심10","2019","고척로52라길","","20220729"
"323.83","1153000000","서울특별시 구로구","1153010800","오류동","5","6","","3","16","","","","1153010800_09","구로안심09","2019","오류로8가길","","20220812"
"342.4","1153000000","서울특별시 구로구","1153010800","오류동","3","4","","5","17","","","","1153010800_12","구로안심12","2019","경인로15길","","20220812"
"325.82","1154500000","서울특별시 금천구","1154510100","가산동","3","5","5","5","14","","5","","1154510100_03","금천안심03","2020","남부순환로112길","","20221025"
"224.01","1154500000","서울특별시 금천구","1154510200","독산동","2","4","4","4","7","","","","1154510200_01","금천안심01","2020","시흥대로100길","","20221025"
"622.92","1154500000","서울특별시 금천구","1154510200","독산동","7","8","4","6","37","","3","","1154510200_04","금천안심04","2014","독산로84길","","20221025"
"340.05","1154500000","서울특별시 금천구","1154510200","독산동","3","4","3","5","11","","2","","1154510200_05","금천안심05","2014","범안로12길","","20221027"
"319.59","1154500000","서울특별시 금천구","1154510300","시흥동","4","4","4","5","18","","5","","1154510300_02","금천안심02","2014","금하로24길","","20221025"
"441.6","1154500000","서울특별시 금천구","1154510300","시흥동","3","3","4","3","13","","6","","1154510300_06","금천안심06","2019","시흥대로63길","","20220729"
"444.69","1156000000","서울특별시 영등포구","1156010100","영등포동","2","2","","3","1","4","4","","1156010100_29","영등포안심29","2014","영신로20길","","20220930"
"293.48","1156000000","서울특별시 영등포구","1156010800","영등포동7가","2","4","","4","14","4","4","","1156010800_02","영등포안심02","2014","양산로29길","","20220802"
"294.7","1156000000","서울특별시 영등포구","1156011100","당산동1가","3","6","","4","13","4","4","","1156011100_18","영등포안심18","2014","영등포로25길","","20220802"
"373.25","1156000000","서울특별시 영등포구","1156011400","당산동4가","2","3","","5","13","5","5","","1156011400_21","영등포안심21","2018","당산로38길","","20220802"
"352.56","1156000000","서울특별시 영등포구","1156011600","당산동6가","3","","","5","17","5","7","","1156011600_19","영등포안심19","2014","당산로50길","","20220802"
"391.94","1156000000","서울특별시 영등포구","1156011800","도림동","1","1","","5","1","5","5","","1156011800_09","영등포안심09","2014","도신로15길","","20220802"
"358.64","1156000000","서울특별시 영등포구","1156012600","양평동2가","2","11","","4","14","5","5","","1156012600_16","영등포안심16","2017","선유서로25길","","20220802"
"366.43","1156000000","서울특별시 영등포구","1156012800","양평동4가","2","2","","6","18","6","6","","1156012800_20","영등포안심20","2014","선유로53길","","20220802"
"178.03","1156000000","서울특별시 영등포구","1156013200","신길동","1","1","","3","13","2","3","","1156013200_11","영등포안심11","2014","신풍로23길","","20220809"
"402.37","1156000000","서울특별시 영등포구","1156013200","신길동","3","4","","6","21","6","6","","1156013200_13","영등포안심13","2017","영등포로62나길","","20220930"
"479.02","1156000000","서울특별시 영등포구","1156013200","신길동","5","6","","6","2","6","6","","1156013200_14","영등포안심14","2014","영등포로86길","","20220802"
"529.86","1156000000","서울특별시 영등포구","1156013200","신길동","5","5","","8","26","5","6","","1156013200_15","영등포안심15","2014","도신로56길","","20220812"
"498.96","1156000000","서울특별시 영등포구","1156013300","대림동","3","4","","7","21","","4","","1156013300_22","영등포안심22","2014","디지털로37길","","20220929"
"313.07","1156000000","서울특별시 영등포구","1156013300","대림동","4","6","","6","14","6","6","","1156013300_23","영등포안심23","2014","디지털로 38길","","20220929"
"279.52","1156000000","서울특별시 영등포구","1156013300","대림동","3","4","","4","17","4","4","","1156013300_26","영등포안심26","2014","대림로34길","","20220812"
"425.63","1159000000","서울특별시 동작구","1159010100","노량진동","3","3","2","3","13","","3","","1159010100_01","동작안심01","2013","만양로14가길","","20220818"
"222.07","1159000000","서울특별시 동작구","1159010100","노량진동","1","2","2","2","9","","2","","1159010100_02","동작안심02","2015","등용로4길","","20220818"
"501.57","1159000000","서울특별시 동작구","1159010200","상도동","3","5","2","3","19","","3","","1159010200_05","동작안심05","2014","상도로61길","","20220829"
"601.86","1159000000","서울특별시 동작구","1159010200","상도동","4","4","1","3","27","","3","","1159010200_06","동작안심06","2014","성대로27길","","20220818"
"298.65","1159000000","서울특별시 동작구","1159010200","상도동","2","3","2","3","21","","3","","1159010200_17","동작안심17","2014","국사봉10길","","20220818"
"330.77","1159000000","서울특별시 동작구","1159010200","상도동","3","4","2","3","18","","3","","1159010200_18","동작안심18","2014","상도로13길","","20220818"
"252.05","1159000000","서울특별시 동작구","1159010300","상도1동","2","3","3","3","15","","3","","1159010300_07","동작안심07","2014","상도로47길","","20220829"
"476.83","1159000000","서울특별시 동작구","1159010400","본동","4","4","5","3","25","","3","","1159010400_03","동작안심03","2014","흑석로9길","","20220822"
"344.46","1159000000","서울특별시 동작구","1159010400","본동","2","2","6","3","17","","4","","1159010400_04","동작안심04","2014","노량진로28길","","20220822"
"683.4","1159000000","서울특별시 동작구","1159010700","사당동","7","1","","4","36","","4","","1159010700_08","동작안심08","2014","동작대로29길","","20220823"
"512.06","1159000000","서울특별시 동작구","1159010700","사당동","3","4","1","3","1","","15","","1159010700_09","동작안심09","2014","사당로27길","","20220823"
"626.64","1159000000","서울특별시 동작구","1159010700","사당동","6","6","3","5","29","","8","","1159010700_10","동작안심10","2014","사당로13길","","20220823"
"547.4","1159000000","서울특별시 동작구","1159010700","사당동","5","5","2","3","24","","4","","1159010700_11","동작안심11","2014","남부순환로269길","","20220823"
"456.66","1159000000","서울특별시 동작구","1159010700","사당동","3","3","","3","23","","3","","1159010700_12","동작안심12","2014","사당로14길","","20220823"
"356.09","1159000000","서울특별시 동작구","1159010700","사당동","2","2","1","3","16","","3","","1159010700_13","동작안심13","2014","사당로8길","","20220823"
"259.64","1159000000","서울특별시 동작구","1159010900","신대방동","3","3","1","3","14","","3","","1159010900_14","동작안심14","2014","여의대방로22차길","","20220819"
"276.67","1159000000","서울특별시 동작구","1159010900","신대방동","2","2","1","3","18","","3","","1159010900_15","동작안심15","2014","여의대방로22카길","","20220819"
"185.2","1159000000","서울특별시 동작구","1159010900","신대방동","3","4","1","5","9","","4","","1159010900_16","동작안심16","2014","신대방2길","","20220822"
"433.15","1162000000","서울특별시 관악구","1162010100","봉천동","3","8","","5","21","","4","","1162010100_02","관악안심02","2014","봉천로29길","","20220923"
"267.27","1162000000","서울특별시 관악구","1162010100","봉천동","3","6","","4","12","","4","","1162010100_03","관악안심03","2014","봉천로23길","","20220921"
"292.38","1162000000","서울특별시 관악구","1162010100","봉천동","3","9","","2","15","","4","","1162010100_05","관악안심05","2014","남부순환로","","20220923"
"358.24","1162000000","서울특별시 관악구","1162010100","봉천동","3","5","","4","18","","2","","1162010100_08","관악안심08","2014","장군봉길","","20220927"
"489.77","1162000000","서울특별시 관악구","1162010100","봉천동","4","12","","5","19","","7","3","1162010100_11","관악안심11","2014","봉천로49길","","20220920"
"285.1","1162000000","서울특별시 관악구","1162010100","봉천동","3","8","","4","21","","5","1","1162010100_12","관악안심12","2014","온천로39길","","20220927"
"564.63","1162000000","서울특별시 관악구","1162010200","신림동","3","11","","5","25","1","19","","1162010200_01","관악안심01","2014","신림동7길","","20220915"
"229.59","1162000000","서울특별시 관악구","1162010200","신림동","2","3","4","","13","","2","","1162010200_04","관악안심04","2022","신림로46길","","20220921"
"505.56","1162000000","서울특별시 관악구","1162010200","신림동","3","12","","4","21","","4","","1162010200_06","관악안심06","2014","난곡로76길","","20220927"
"343.84","1162000000","서울특별시 관악구","1162010200","신림동","2","8","","4","13","","4","","1162010200_07","관악안심07","2014","남부순환로194길","","20220927"
"398.73","1162000000","서울특별시 관악구","1162010200","신림동","4","9","","2","22","","4","","1162010200_09","관악안심09","2014","신림로23길","","20220926"
"313.85","1162000000","서울특별시 관악구","1162010200","신림동","2","1","","3","12","","3","","1162010200_10","관악안심10","2014","신림로22길","","20220926"
"345.26","1162000000","서울특별시 관악구","1162010200","신림동","2","5","","4","13","","5","","1162010200_13","관악안심13","2014","남부순환로161길","","20220919"
"535.13","1162000000","서울특별시 관악구","1162010200","신림동","4","12","","5","24","","5","","1162010200_14","관악안심14","2014","법원단지길","","20220920"
"329.12","1162000000","서울특별시 관악구","1162010200","신림동","2","7","","3","17","","4","","1162010200_15","관악안심15","2014","난곡로26길","","20220928"
"419.64","1162000000","서울특별시 관악구","1162010200","신림동","1","6","","5","15","","4","","1162010200_16","관악안심16","2014","난향7길","","20220922"
"546.25","1162000000","서울특별시 관악구","1162010200","신림동","","11","","5","18","","8","","1162010200_17","관악안심17","2014","난곡로64길","","20220928"
"291.11","1162000000","서울특별시 관악구","1162010200","신림동","1","7","","4","12","","5","","1162010200_20","관악안심20","2019","남부순환로143길","","20220919"
"442.75","1162000000","서울특별시 관악구","1162010300","남현동","4","1","","4","17","","4","1","1162010300_21","관악안심21","2014","남현2길","","20220922"
"372.97","1165000000","서울특별시 서초구","1165010100","방배동","","","","6","14","","7","","1165010100_12","서초안심12","2016","청두곶길","","20221013"
"614.77","1165000000","서울특별시 서초구","1165010100","방배동","","","","5","22","","6","","1165010100_13","서초안심13","2018","효령로2길","","20221013"
"679.28","1165000000","서울특별시 서초구","1165010100","방배동","","","","7","26","","12","","1165010100_14","서초안심14","2016","명달로9길","","20221018"
"622.51","1165000000","서울특별시 서초구","1165010100","방배동","","","","2","42","","7","","1165010100_15","서초안심15","2015","동광로12길","","20221014"
"369.19","1165000000","서울특별시 서초구","1165010100","방배동","","","","5","15","","5","","1165010100_16","서초안심16","2016","방배로23길","","20221014"
"254.63","1165000000","서울특별시 서초구","1165010100","방배동","","","","2","7","","7","","1165010100_17","서초안심17","2020","효령로31길","","20221018"
"481.76","1165000000","서울특별시 서초구","1165010200","양재동","","","","6","22","","8","","1165010200_08","서초안심08","2014","바우뫼로39길","","20221012"
"322.86","1165000000","서울특별시 서초구","1165010200","양재동","","","","6","15","","9","","1165010200_09","서초안심09","2014","논현로5길","","20221013"
"216.44","1165000000","서울특별시 서초구","1165010300","우면동","2","3","","3","11","","4","","1165010300_10","서초안심10","2014","바우뫼로6길","","20221006"
"465.97","1165000000","서울특별시 서초구","1165010600","잠원동","4","4","","4","23","","7","","1165010600_02","서초안심02","2014","신반포로45길","","20221005"
"593.57","1165000000","서울특별시 서초구","1165010700","반포동","3","6","","5","3","","9","1","1165010700_01","서초안심01","2014","신반포로","","20221005"
"298.86","1165000000","서울특별시 서초구","1165010700","반포동","1","4","","4","13","","5","","1165010700_18","서초안심18","2016","서래로5길","","20221004"
"449.88","1165000000","서울특별시 서초구","1165010700","반포동","1","5","","4","18","","4","","1165010700_19","서초안심19","2015","사평대로26길","","20221004"
"320.33","1165000000","서울특별시 서초구","1165010800","서초동","3","4","","4","15","","5","","1165010800_03","서초안심03","2014","서초중앙로12길","","20221007"
"282.87","1165000000","서울특별시 서초구","1165010800","서초동","2","2","","3","14","","5","","1165010800_04","서초안심04","2014","강남대로43길","","20221007"
"296.13","1165000000","서울특별시 서초구","1165010800","서초동","3","4","","3","14","","6","","1165010800_05","서초안심05","2014","효령로74길","","20221011"
"452.06","1165000000","서울특별시 서초구","1165010800","서초동","","","","6","17","","7","","1165010800_06","서초안심06","2014","남부순환로315길","","20221012"
"545.62","1165000000","서울특별시 서초구","1165010800","서초동","3","3","","7","18","","9","","1165010800_07","서초안심07","2014","반포대로22길","","20221011"
"335.08","1165000000","서울특별시 서초구","1165011000","염곡동","2","5","","5","15","","4","","1165011000_11","서초안심11","2014","염곡안길","","20221006"
"470.96","1168000000","서울특별시 강남구","1168010100","역삼동","1","3","","3","17","","3","","1168010100_01","강남안심01","2014","강남대로106길","","20221108"
"546.13","1168000000","서울특별시 강남구","1168010100","역삼동","4","16","","4","32","","3","3","1168010100_02","강남안심02","2014","논현로102길","","20221108"
"435.75","1168000000","서울특별시 강남구","1168010100","역삼동","3","9","","3","2","","6","","1168010100_09","수서안심09","2015","도곡로33길","","20221108"
"451","1168000000","서울특별시 강남구","1168010100","역삼동","3","14","","3","18","","3","","1168010100_18","강남안심18","2014","선릉로107길","","20221108"
"211.16","1168000000","서울특별시 강남구","1168010300","개포동","2","3","","1","12","","6","","1168010300_05","수서안심05","2014","개포로21길","","20221108"
"378.58","1168000000","서울특별시 강남구","1168010400","청담동","5","6","","3","16","","3","","1168010400_12","강남안심12","2014","","","20221107"
"401","1168000000","서울특별시 강남구","1168010400","청담동","4","4","","3","15","","3","","1168010400_13","강남안심13","2014","","","20221107"
"404.04","1168000000","서울특별시 강남구","1168010500","삼성동","3","5","","3","18","","3","","1168010500_08","강남안심08","2014","","","20221107"
"458.01","1168000000","서울특별시 강남구","1168010500","삼성동","5","5","","3","23","","3","","1168010500_10","강남안심10","2014","봉은사로72길","","20221108"
"832.58","1168000000","서울특별시 강남구","1168010500","삼성동","8","9","","3","4","","4","","1168010500_11","강남안심11","2014","","","20221107"
"294.91","1168000000","서울특별시 강남구","1168010500","삼성동","2","3","","3","18","","3","","1168010500_20","강남안심20","2014","","","20221107"
"225.31","1168000000","서울특별시 강남구","1168010600","대치동","3","3","","2","15","","5","","1168010600_03","수서안심03","2014","역삼로74길","","20221108"
"312.06","1168000000","서울특별시 강남구","1168010600","대치동","4","4","","2","11","","6","","1168010600_04","수서안심04","2014","삼성로76길","","20221108"
"302.19","1168000000","서울특별시 강남구","1168010700","신사동","4","8","","4","16","","4","","1168010700_15","강남안심15","2014","논현로159길","","20221108"
"451.57","1168000000","서울특별시 강남구","1168010700","신사동","4","17","","3","19","","4","","1168010700_17","강남안심17","2014","압구정로30길","","20221108"
"224.55","1168000000","서울특별시 강남구","1168010800","논현동","2","6","","2","6","","3","","1168010800_03","강남안심03","2014","강남대로122길","","20221108"
"403.4","1168000000","서울특별시 강남구","1168010800","논현동","5","23","3","4","17","","6","","1168010800_04","강남안심04","2014","봉은사로21길","","20221108"
"781.45","1168000000","서울특별시 강남구","1168010800","논현동","4","11","5","4","31","","5","","1168010800_05","강남안심05","2014","","","20221107"
"646.73","1168000000","서울특별시 강남구","1168010800","논현동","5","6","","4","24","","4","","1168010800_06","강남안심06","2014","","","20221107"
"722.52","1168000000","서울특별시 강남구","1168010800","논현동","4","7","","2","33","","6","","1168010800_07","강남안심07","2014","","","20221107"
"341.47","1168000000","서울특별시 강남구","1168010800","논현동","4","5","","3","15","","3","","1168010800_19","강남안심19","2014","","","20221116"
"325.92","1168000000","서울특별시 강남구","1168011300","율현동","3","3","","2","12","","7","","1168011300_07","수서안심07","2014","밤고개로24길","","20221108"
"589.79","1168000000","서울특별시 강남구","1168011400","일원동","5","7","","2","29","","14","","1168011400_06","수서안심06","2014","일원로5길","","20221108"
"330.08","1168000000","서울특별시 강남구","1168011800","도곡동","2","8","","2","13","","4","","1168011800_01","수서안심01","2014","도곡로4길","","20221108"
"368.56","1171000000","서울특별시 송파구","1171010100","잠실동","3","9","1","4","17","","2","2","1171010100_04","송파안심04","2014","백제고분로19길","","20221109"
"634.58","1171000000","서울특별시 송파구","1171010100","잠실동","4","13","1","4","27","","4","","1171010100_06","송파안심06","2014","올림픽로12길","","20221109"
"555.62","1171000000","서울특별시 송파구","1171010300","풍납동","4","13","3","5","25","","5","2","1171010300_19","송파안심19","2014","올림픽로51길","","20221116"
"426.47","1171000000","서울특별시 송파구","1171010400","송파동","5","12","4","2","17","","2","2","1171010400_02","송파안심02","2014","송파대로36길","","20221108"
"530.11","1171000000","서울특별시 송파구","1171010400","송파동","3","6","2","3","18","","3","1","1171010400_03","송파안심03","2014","송파대로42길","","20221108"
"271.45","1171000000","서울특별시 송파구","1171010500","석촌동","2","7","3","4","12","","3","2","1171010500_07","송파안심07","2014","가락로11길","","20221108"
"245.38","1171000000","서울특별시 송파구","1171010500","석촌동","1","2","2","5","9","","3","2","1171010500_09","송파안심09","2014","송파대로45길","","20221108"
"285.59","1171000000","서울특별시 송파구","1171010600","삼전동","","3","2","3","1","","3","","1171010600_08","송파안심08","2014","삼학사로9길","","20221109"
"568.47","1171000000","서울특별시 송파구","1171010700","가락동","2","9","2","8","25","","8","1","1171010700_11","송파안심11","2014","오금로42길","","20221116"
"625.03","1171000000","서울특별시 송파구","1171010700","가락동","3","1","9","6","9","","","2","1171010700_11-1","송파안심11-1","2019","송파대로","","20221116"
"550.34","1171000000","서울특별시 송파구","1171011100","방이동","5","12","4","8","13","","5","","1171011100_01","송파안심01","2014","위례성대로18길","","20221108"
"346.65","1171000000","서울특별시 송파구","1171011100","방이동","2","4","","5","11","","4","","1171011100_22","송파안심22","2014","위례성대로20길","","20221108"
"420.71","1171000000","서울특별시 송파구","1171011200","오금동","2","4","2","5","19","","5","2","1171011200_23","송파안심23","2014","동남로 26길","","20221109"
"639.73","1171000000","서울특별시 송파구","1171011400","마천동","7","22","5","6","31","","7","3","1171011400_14","송파안심14","2014","마천로 61다길","","20221109"
"363.82","1171000000","서울특별시 송파구","1171011400","마천동","3","13","6","5","21","","4","2","1171011400_15","송파안심15","2014","마천로 61바길","","20221109"
"234.92","1174000000","서울특별시 강동구","1174010100","명일동","2","2","","4","9","","3","","1174010100_13","강동안심13","2015","양재대로 141길","","20221017"
"485.49","1174000000","서울특별시 강동구","1174010100","명일동","3","3","","3","19","","3","","1174010100_14","강동안심14","2015","양재대로134길","","20221107"
"317.86","1174000000","서울특별시 강동구","1174010200","고덕동","3","3","","4","21","","4","","1174010200_11","강동안심11","2015","상일로19길","","20221107"
"373.11","1174000000","서울특별시 강동구","1174010200","고덕동","4","4","","4","21","","4","","1174010200_12","강동안심12","2015","야리수로64길","","20221107"
"352.85","1174000000","서울특별시 강동구","1174010500","길동","2","3","","5","9","","5","","1174010500_03","강동안심03","2015","양재대로 113길","","20221017"
"502.81","1174000000","서울특별시 강동구","1174010500","길동","3","3","","4","23","","5","","1174010500_04","강동안심04","2015","양재대로116길","","20221107"
"450.82","1174000000","서울특별시 강동구","1174010500","길동","2","3","","7","23","","7","","1174010500_05","강동안심05","2015","양재대로112길","","20221107"
"377.82","1174000000","서울특별시 강동구","1174010600","둔촌동","2","2","","3","14","","1","","1174010600_15","강동안심15","2015","양재대로100길","","20221107"
"315.71","1174000000","서울특별시 강동구","1174010600","둔촌동","3","3","","3","12","","4","","1174010600_16","강동안심16","2015","천호대로188길","","20221107"
"348.64","1174000000","서울특별시 강동구","1174010700","암사동","2","2","","4","15","","4","","1174010700_06","강동안심06","2015","상암로 17길","","20221107"
"217.04","1174000000","서울특별시 강동구","1174010700","암사동","2","2","","","7","","3","","1174010700_07","강동안심07","2015","구천면로 64길","","20221017"
"309.92","1174000000","서울특별시 강동구","1174010700","암사동","3","3","","5","16","","4","","1174010700_08","강동안심08","2015","고덕로 24길","","20221111"
"498.91","1174000000","서울특별시 강동구","1174010800","성내동","4","5","","5","2","","5","","1174010800_09","강동안심09","2015","성내로3길","","20221116"
"501.71","1174000000","서울특별시 강동구","1174010800","성내동","3","3","","6","26","","6","","1174010800_10","강동안심10","2015","천호대로168길","","20221107"
"444.34","1174000000","서울특별시 강동구","1174010900","천호동","4","4","","4","21","","3","","1174010900_01","강동안심01","2015","천호대로 151길","","20221107"
"348.47","1174000000","서울특별시 강동구","1174010900","천호동","3","3","","9","19","","5","","1174010900_02","강동안심02","2015","성안로27길","","20221107"