"개방자치단체코드","관리번호","인허가일자","인허가취소일자","영업상태코드","영업상태명","상세영업상태코드","상세영업상태명","폐업일자","휴업시작일자","휴업종료일자","재개업일자","전화번호","소재지면적","소재지우편번호","지번주소","도로명주소","도로명우편번호","사업장명","최종수정일자","데이터갱신구분","데이터갱신일자","업태구분명","좌표정보(X)","좌표정보(Y)","위생업태명","남성종사자수","여성종사자수","영업장주변구분명","등급구분명","급수시설구분명","총인원","본사종업원수","공장사무직종업원수","공장판매직종업원수","공장생산직종업원수","건물소유구분명","보증액","월세액","다중이용업소여부","시설총규모","전통업소지정번호","전통업소주된음식","홈페이지"
"3150000","3150000-102-1977-00755","19770810","","03","폐업","02","폐업","20050928","","","","02 6945858","153.24","157881","서울특별시 강서구 화곡동 343-31번지 ","","","사랑방","2004-04-12 00:00:00","I","2018-08-31 23:59:59.0","룸살롱","186347.30671455     ","447755.736140167    ","룸살롱","2","2","기타","자율","상수도전용","","","","","","","","","N","153.24","","",""
"3150000","3150000-102-1977-00777","1977-09-17","","01","영업/정상","01","영업","","","","","0226939000","209.78","157-928","서울특별시 강서구 화곡동 1117-15 (지하 1층)","서울특별시 강서구 화곡로 320, 지하 1층 (화곡동, 6동)","07658","애플","2023-06-09 10:40:06","U","2022-12-05 23:01:00.0","카바레","186720.892360205","450028.161482042","","","","","","","","","","","","","","","","","","",""
"3150000","3150000-102-1978-00750","1978-07-01","","01","영업/정상","01","영업","","","","","02 26057112","88.34","157-909","서울특별시 강서구 화곡동 903-3 (지하 1층)","서울특별시 강서구 강서로 17, 지하 1층 (화곡동, 1동)","07778","샤넬노래바","2024-01-22 10:01:28","U","2023-11-30 22:04:00.0","룸살롱","186473.612061616","447474.632067826","","","","","","","","","","","","","","","","","","",""
"3150000","3150000-102-1978-00785","19780501","","03","폐업","02","폐업","19980630","","","","0206974142","80.40","157910","서울특별시 강서구 화곡동 938-23번지 ","","","수궁주점","2011-02-08 13:41:29","I","2018-08-31 23:59:59.0","룸살롱","185744.439209715    ","447538.415878275    ","룸살롱","2","3","유흥업소밀집지역","자율","상수도전용","","","","","","","","","N","80.4","","",""
"3150000","3150000-102-1978-00786","19780626","","01","영업/정상","01","영업","","","","","","215.52","157918","서울특별시 강서구 화곡동 1006-10번지 (지하 1층) 1호","서울특별시 강서구 강서로 239, 지하 1층 1호 (화곡동, 3동)","07705","팡팡노래바","2016-08-10 09:35:35","I","2018-08-31 23:59:59.0","룸살롱","185436.074264942    ","449449.262453912    ","룸살롱","","","","","","","","","","","","","","N","215.52","","",""
"3150000","3150000-102-1979-00747","1979-08-26","","01","영업/정상","01","영업","","","","","0226016776","114.64","157-884","서울특별시 강서구 화곡동 372-3 (지하 1층)","서울특별시 강서구 가로공원로76길 6, 지하 1층 (화곡동, 1동)","07761","로망스","2023-08-16 11:43:42","U","2022-12-07 23:08:00.0","룸살롱","185520.50077263","448289.439635183","","","","","","","","","","","","","","","","","","",""
"3150000","3150000-102-1979-00762","19790602","","01","영업/정상","01","영업","","","","","0226046027","89.84","157918","서울특별시 강서구 화곡동 1006-3 (지하 1층)","서울특별시 강서구 강서로 245, 지하 1층 (화곡동, 3동)","07705","오렌지 노래바","2022-06-10 13:56:08","U","2021-12-05 23:02:00.0","룸살롱","185438.341330245","449492.230136079","","","","","","","","","","","","","","","","","","",""
"3150000","3150000-102-1979-00775","19790618","","03","폐업","02","폐업","20120102","","","","02 6934868","91.38","157925","서울특별시 강서구 화곡동 1070-8번지 ","","","퀸","2007-07-27 10:02:12","I","2018-08-31 23:59:59.0","룸살롱","185323.854745591    ","448640.215486788    ","룸살롱","0","0","","","","","","","","","","","","N","91.38","","",""
"3150000","3150000-102-1979-08161","19790423","","01","영업/정상","01","영업","","","","","0226062751","96.42","157880","서울특별시 강서구 화곡동 342-55 (지하 1층)","서울특별시 강서구 강서로 34, 지하 1층 (화곡동, 8동)","07760","팡팡노래바","2023-01-02 14:55:54","U","2022-12-01 00:04:00.0","룸살롱","186453.187638488","447642.840238156","","","","","","","","","","","","","","","","","","",""
"3150000","3150000-102-1980-00726","19800306","","03","폐업","02","폐업","20020909","","","","0206645552","86.70","157827","서울특별시 강서구 내발산동 667-2번지 ","","","까치","2002-09-09 00:00:00","I","2018-08-31 23:59:59.0","카바레","185511.58053415     ","450320.2392051      ","카바레","1","2","기타","자율","상수도전용","","","","","","","","","N","86.7","","",""
"3150000","3150000-102-1980-00754","19800919","","03","폐업","02","폐업","20060426","","","","02","255.94","157909","서울특별시 강서구 화곡동 898-1번지 ","","","1.2.3.나이트","2003-02-07 00:00:00","I","2018-08-31 23:59:59.0","룸살롱","186424.391650186    ","447580.544751681    ","룸살롱","1","2","기타","자율","상수도전용","","","","","","","","","N","255.94","","",""
"3150000","3150000-102-1980-00763","19801016","","01","영업/정상","01","영업","","","","","0226977771","65.89","157928","서울특별시 강서구 화곡동 1116-2번지 (지하 1층) ","서울특별시 강서구 공항대로46길 64, 지하 1층 (화곡동, 6동)","07653","리젠시","2015-03-03 14:12:09","I","2018-08-31 23:59:59.0","카바레","186806.361165707    ","450129.392201516    ","카바레","2","3","기타","자율","상수도전용","","","","","","","","","N","65.89","","",""
"3150000","3150000-102-1980-00772","19800124","","03","폐업","02","폐업","20180228","","","","0236653737","126.49","157864","서울특별시 강서구 염창동 283-14번지 ","서울특별시 강서구 공항대로 647 (염창동)","07557","홀리데인","2018-03-05 09:53:09","I","2018-08-31 23:59:59.0","룸살롱","189036.252426103    ","449460.023284529    ","룸살롱","2","2","기타","자율","상수도전용","","","","","","","","","N","126.49","","",""
"3150000","3150000-102-1980-00802","19800305","","01","영업/정상","01","영업","","","","","0226949090","90.69","157918","서울특별시 강서구 화곡동 1006-9번지 (지하 1층) ","서울특별시 강서구 강서로 243, 지하 1층 (화곡동, 3동)","07705","반쥴","2017-11-16 17:56:45","I","2018-08-31 23:59:59.0","룸살롱","185438.14069848     ","449473.136004543    ","룸살롱","","","","","","","","","","","","","","N","90.69","","",""
"3150000","3150000-102-1983-00787","19830123","","01","영업/정상","01","영업","","","","","0226051160","92.81","157881","서울특별시 강서구 화곡동 346-1 (지하 1층)","서울특별시 강서구 강서로 55, 지하 1층 (화곡동, 1동)","07773","노라조 노래바","2022-06-27 14:41:50","U","2021-12-05 22:09:00.0","룸살롱","186307.285333138","447832.907432673","","","","","","","","","","","","","","","","","","",""
"3150000","3150000-102-1984-00761","19840702","","03","폐업","02","폐업","19990901","","","","02 6038300","344.84","157928","서울특별시 강서구 화곡동 1116-3번지 ","","","국일관","2001-09-28 00:00:00","I","2018-08-31 23:59:59.0","룸살롱","186780.470195989    ","450119.939314207    ","룸살롱","5","5","기타","기타","상수도전용","","","","","","","","","N","344.84","","",""
"3150000","3150000-102-1984-00779","19840314","","01","영업/정상","01","영업","","","","","0226962223","187.03","157928","서울특별시 강서구 화곡동 1117-16 외 2필지 (지하 1층)","서울특별시 강서구 화곡로 322, 지하 1층 (화곡동, 6동)","07658","타임","2022-12-06 13:59:20","U","2021-11-02 00:08:00.0","카바레","186730.867120442","450042.22378832","","","","","","","","","","","","","","","","","","",""
"3150000","3150000-102-1984-00784","19840924","","03","폐업","02","폐업","19950321","","","","0206040016","97.58","157922","서울특별시 강서구 화곡동 1032-27번지 ","","","성회관","2001-09-28 00:00:00","I","2018-08-31 23:59:59.0","룸살롱","185580.400233458    ","449111.305358283    ","룸살롱","1","1","기타","자율","상수도전용","","","","","","","","","N","97.58","","",""
"3150000","3150000-102-1984-00797","19840621","","01","영업/정상","01","영업","","","","","0226034995","266.78","157909","서울특별시 강서구 화곡동 904-1번지 (지하 1층) ","서울특별시 강서구 강서로5길 10, 지하 1층 (화곡동, 1동)","07778","SBS노래노래","2018-12-11 16:41:04","U","2018-12-13 02:40:00.0","룸살롱","186493.155767558    ","447429.957011306    ","룸살롱","1","","유흥업소밀집지역","","상수도전용","","","","","","","","","Y","266.78","","",""
"3150000","3150000-102-1985-00731","19851212","","03","폐업","02","폐업","20190212","","","","0226952580","71.74","157916","서울특별시 강서구 화곡동 987-7번지 (지하 1층) ","서울특별시 강서구 화곡로 289, 지하 1층 (화곡동)","07687","폭스","2019-02-12 16:23:54","U","2019-02-14 02:40:00.0","룸살롱","186501.147308383    ","449795.582277121    ","룸살롱","1","1","유흥업소밀집지역","자율","상수도전용","","","","","","","","","Y","71.74","","",""
"3150000","3150000-102-1985-00746","19851010","","01","영업/정상","01","영업","","","","","0226632064","66.98","157812","서울특별시 강서구 공항동 72-30번지 (지하 1층) ","서울특별시 강서구 공항대로 14-1, 지하 1층 (공항동)","07622","황진이","2020-01-06 10:04:44","U","2020-01-08 02:40:00.0","룸살롱","183042.639859252    ","451015.818299725    ","룸살롱","","","","","상수도전용","","","","","","","","","N","66.98","","",""
"3150000","3150000-102-1985-00758","19850829","","01","영업/정상","01","영업","","","","","0226064468","54.11","157928","서울특별시 강서구 화곡동 1117-3 (지하 1층) ","서울특별시 강서구 공항대로46길 84, 지하 1층 (화곡동, 6동)","07658","신세계","2021-11-23 15:33:19","U","2021-11-25 02:40:00.0","룸살롱","186761.434848007    ","450039.301978951    ","룸살롱","","","","","상수도전용","","","","","","","","","N","54.11","","",""
"3150000","3150000-102-1985-00769","19850813","","03","폐업","02","폐업","20180207","","","","0226087003","359.48","157916","서울특별시 강서구 화곡동 987-1번지 (지하 1층) ","서울특별시 강서구 화곡로 297, 지하 1층 (화곡동, 6동)","07687","지중해노래바","2018-02-07 16:37:15","I","2018-08-31 23:59:59.0","룸살롱","186538.38804292     ","449879.772939732    ","룸살롱","2","5","유흥업소밀집지역","자율","상수도전용","","","","","","","","","Y","359.48","","",""
"3150000","3150000-102-1985-00773","19850828","","01","영업/정상","01","영업","","","","","0226039207","141.17","157915","서울특별시 강서구 화곡동 982-9번지 외 1필지 삼호빌딩 (지하 1층) ","서울특별시 강서구 화곡로 280, 지하 1층 (화곡동, 6동 삼호빌딩)","07663","라인","2019-12-02 15:59:40","U","2019-12-04 02:40:00.0","룸살롱","186485.201246669    ","449695.443044174    ","룸살롱","1","3","유흥업소밀집지역","자율","상수도전용","","","","","","","","","Y","141.17","","",""
"3150000","3150000-102-1985-00776","19851023","","03","폐업","02","폐업","20060116","","","","02 6638889","512.13","157853","서울특별시 강서구 방화동 612-18번지 ","","","관문스텐드바","2005-12-02 00:00:00","I","2018-08-31 23:59:59.0","고고(디스코)클럽","183119.924231899    ","451273.211597643    ","고고(디스코)클럽","5","10","유흥업소밀집지역","자율","상수도전용","","","","","","","","","N","512.13","","",""
"3150000","3150000-102-1985-00780","19850720","","03","폐업","02","폐업","20050425","","","","0206021687","220.14","157915","서울특별시 강서구 화곡동 982-14번지 ","","","토파즈","2001-01-09 00:00:00","I","2018-08-31 23:59:59.0","룸살롱","","","룸살롱","2","2","아파트지역","자율","상수도전용","","","","","","","","","N","220.14","","",""
"3150000","3150000-102-1986-00734","1986-06-05","","01","영업/정상","01","영업","","","","","","119.09","157-928","서울특별시 강서구 화곡동 1117-0 지하1층 우측","서울특별시 강서구 화곡로58길 8, 지하1층 (화곡동, 6동, 우측)","07658","스토리노래바","2023-11-21 17:08:01","U","2022-10-31 22:03:00.0","카바레","186783.481260478","450080.448235475","","","","","","","","","","","","","","","","","","",""
"3150000","3150000-102-1986-00735","1986-07-08","","01","영업/정상","01","영업","","","","","0226941008","88.52","157-928","서울특별시 강서구 화곡동 1117-14 (지하 1층)","서울특별시 강서구 화곡로 318, 지하 1층 (화곡동, 6동)","07658","로그인노래바","2023-06-30 09:21:40","U","2022-12-07 00:02:00.0","카바레","186702.954784169","450002.292659608","","","","","","","","","","","","","","","","","","",""
"3150000","3150000-102-1986-00741","19860329","","03","폐업","02","폐업","20031022","","","","02 6034555","125.10","157915","서울특별시 강서구 화곡동 981-1번지 ","","","애마","2001-09-28 00:00:00","I","2018-08-31 23:59:59.0","룸살롱","186566.56370681     ","449792.886211993    ","룸살롱","1","2","유흥업소밀집지역","자율","상수도전용","","","","","","","","","N","125.1","","",""
"3150000","3150000-102-1986-00768","19860328","","03","폐업","02","폐업","20180411","","","","0226014595","93.75","157866","서울특별시 강서구 화곡동 24-65번지 (지하 1층) ","서울특별시 강서구 화곡로42길 3, 지하1층 (화곡동, 본동)","07678","힐링노래바","2018-04-11 14:47:21","I","2018-08-31 23:59:59.0","룸살롱","186321.388422045    ","449402.1583843      ","룸살롱","","","","","상수도전용","","","","","","","","","N","93.75","","",""
"3150000","3150000-102-1986-00790","19860329","","03","폐업","02","폐업","20020909","","","","02 6993611","70.74","157916","서울특별시 강서구 화곡동 1105-10번지 ","","","대월","2002-09-09 00:00:00","I","2018-08-31 23:59:59.0","룸살롱","186657.899817438    ","450054.478268775    ","룸살롱","0","2","유흥업소밀집지역","자율","상수도전용","","","","","","","","","N","70.74","","",""
"3150000","3150000-102-1986-00791","19861219","","03","폐업","02","폐업","20010427","","","","02","134.32","157812","서울특별시 강서구 공항동 45-38번지 ","","","황진이","2001-04-28 00:00:00","I","2018-08-31 23:59:59.0","룸살롱","183118.280868805    ","451070.830811833    ","룸살롱","1","3","유흥업소밀집지역","자율","상수도전용","","","","","","","","","N","134.32","","",""
"3150000","3150000-102-1986-00804","19860329","","03","폐업","02","폐업","20050225","","","","02 6625523","191.21","157812","서울특별시 강서구 공항동 45-10번지 ","","","활주로","2010-04-19 20:50:58","I","2018-08-31 23:59:59.0","고고(디스코)클럽","183147.678410643    ","451207.059791662    ","고고(디스코)클럽","2","5","유흥업소밀집지역","자율","상수도전용","","","","","","","","","N","191.21","","",""
"3150000","3150000-102-1986-00805","19861230","","03","폐업","02","폐업","20060526","","","","02 6047001","304.94","157928","서울특별시 강서구 화곡동 1111-3번지 ","","","월드컵","2006-05-26 00:00:00","I","2018-08-31 23:59:59.0","룸살롱","186840.584718018    ","450236.064835424    ","룸살롱","1","3","유흥업소밀집지역","자율","상수도전용","","","","","","","","","N","304.94","","",""
"3150000","3150000-102-1987-00725","19870825","","01","영업/정상","01","영업","","","","","0226951998","143.18","157928","서울특별시 강서구 화곡동 1117-18번지 (지하 1층) ","서울특별시 강서구 화곡로 326, 지하 1층 (화곡동, 6동)","07658","놀이터","2016-11-22 14:35:19","I","2018-08-31 23:59:59.0","룸살롱","186748.43990512     ","450068.277076504    ","룸살롱","","","","","상수도전용","","","","","","","","","N","143.18","","",""
"3150000","3150000-102-1987-00737","19871210","","03","폐업","02","폐업","20180131","","","","0226665330","172.15","157916","서울특별시 강서구 화곡동 987-3번지 (지하 1층) ","서울특별시 강서구 화곡로 295, 지하 1층 (화곡동, 6동)","07687","째즈","2018-01-31 09:37:25","I","2018-08-31 23:59:59.0","룸살롱","186539.758579387    ","449849.924643142    ","룸살롱","0","0","","갑","상수도전용","","","","","","","","","Y","172.15","","",""
"3150000","3150000-102-1987-00743","19871117","","03","폐업","02","폐업","19900428","","","","0206031464","100.21","157915","서울특별시 강서구 화곡동 981-5번지 ","","","대청","2001-09-28 00:00:00","I","2018-08-31 23:59:59.0","룸살롱","186554.679916084    ","449751.87575874     ","룸살롱","2","3","유흥업소밀집지역","지도","상수도전용","","","","","","","","","N","100.21","","",""
"3150000","3150000-102-1987-00760","19870821","","03","폐업","02","폐업","20201105","","","","0226987599","190.71","157916","서울특별시 강서구 화곡동 987-5 (지하 1층) ","서울특별시 강서구 화곡로 293, 지하 1층 (화곡동, 6동)","07687","팡팡노래바","2020-11-05 13:38:49","U","2020-11-07 02:40:00.0","룸살롱","186528.932502116    ","449834.201263134    ","룸살롱","","","","","","","","","","","","","","N","190.71","","",""
"3150000","3150000-102-1987-00774","1987-01-28","","01","영업/정상","01","영업","","","","","0236604000","1008.00","157-862","서울특별시 강서구 염창동 259-2 외 1필지 나이아가라호텔 (지하 3층)","서울특별시 강서구 양천로 743, 지하 3층 (염창동, 나이아가라호텔)","07539","마이히어로","2024-01-26 10:53:10","U","2023-11-30 22:08:00.0","룸살롱","189200.147733153","449654.951038959","","","","","","","","","","","","","","","","","","",""
"3150000","3150000-102-1987-00803","19870329","","03","폐업","02","폐업","20020909","","","","0206056772","88.88","157916","서울특별시 강서구 화곡동 1097-7번지 ","","","갈채","2002-09-09 00:00:00","I","2018-08-31 23:59:59.0","카바레","186741.438781       ","450159.802533       ","카바레","1","1","유흥업소밀집지역","지도","상수도전용","","","","","","","","","N","88.88","","",""
"3150000","3150000-102-1988-00736","19880623","","01","영업/정상","01","영업","","","","","0226019997","231.59","157928","서울특별시 강서구 화곡동 1117-17 외 1필지 (지하 1층) ","서울특별시 강서구 화곡로 324, 지하 1층 (화곡동, 6동)","07658","아테네","2021-10-19 17:13:57","U","2021-10-21 02:40:00.0","룸살롱","186740.149802339    ","450055.044430138    ","룸살롱","0","0","","","상수도전용","0","0","0","0","0","","0","0","N","231.59","","",""
"3150000","3150000-102-1988-00748","19881004","","03","폐업","02","폐업","19901205","","","","0206994622","112.54","157928","서울특별시 강서구 화곡동 1107-3번지 ","","","대벌","2001-09-28 00:00:00","I","2018-08-31 23:59:59.0","룸살롱","187020.243445713    ","450286.461903367    ","룸살롱","2","3","유흥업소밀집지역","지도","상수도전용","","","","","","","","","N","112.54","","",""
"3150000","3150000-102-1988-00770","19881216","","03","폐업","02","폐업","20180302","","","","0226950696","178.61","157866","서울특별시 강서구 화곡동 24-43번지 (지하 1층) ","서울특별시 강서구 화곡로 248-18, 지하 1층 (화곡동, 본동)","07678","퀸","2018-03-05 09:49:40","I","2018-08-31 23:59:59.0","룸살롱","186380.277043979    ","449490.665893997    ","룸살롱","","","","","상수도전용","","","","","","","","","Y","178.61","","",""
"3150000","3150000-102-1988-00788","19880203","","03","폐업","02","폐업","20220726","","","","0226025551","133.60","157916","서울특별시 강서구 화곡동 987-6 (지하 1층)","서울특별시 강서구 화곡로 291, 지하 1층 (화곡동, 6동)","","대박","2022-07-26 14:52:52","U","2021-12-06 22:08:00.0","룸살롱","186515.611158462","449816.398176437","","","","","","","","","","","","","","","","","","",""
"3150000","3150000-102-1988-00792","19880416","","03","폐업","02","폐업","20220503","","","","0226985210","421.49","157928","서울특별시 강서구 화곡동 1117-10 외 1필지 (지하 1층)","서울특별시 강서구 화곡로 318-1, 지하 1층 (화곡동, 6동)","07658","별이빛나는밤에","2022-05-03 11:21:36","U","2021-12-05 00:05:00.0","고고(디스코)클럽","186712.751990345","450014.905648854","","","","","","","","","","","","","","","","","","",""
"3150000","3150000-102-1988-00798","19880101","","03","폐업","02","폐업","20190402","","","","0226043124","484.91","157916","서울특별시 강서구 화곡동 1105-0번지 외 1필지 (지하 1~2층) ","서울특별시 강서구 화곡로 323, 지하 1~2층 (화곡동, 6동)","07686","별이 빛나는 밤에","2019-04-02 11:30:45","U","2019-04-04 02:40:00.0","노래클럽","186704.535590152    ","450092.127369075    ","노래클럽","","","","","","","","","","","","","","Y","484.91","","",""
"3150000","3150000-102-1988-00806","19880217","","01","영업/정상","01","영업","","","","","0226064468","523.07","157928","서울특별시 강서구 화곡동 1117-7 (지하 1층) ","서울특별시 강서구 공항대로46길 90, 지하 1층 (화곡동, 6동)","07658","밀크노래타운","2022-02-18 18:09:44","U","2022-02-22 02:40:00.0","룸살롱","186742.624404896    ","450021.683309823    ","룸살롱","7","3","기타","자율","상수도전용","0","0","0","0","0","","0","0","Y","523.07","","",""
"3150000","3150000-102-1989-00727","19890711","","03","폐업","02","폐업","20190628","","","","0226054711","137.08","157916","서울특별시 강서구 화곡동 1105-3번지 (지하 1층) ","서울특별시 강서구 화곡로 317, 지하 1층 (화곡동, 6동)","07686","궁전비지니스","2019-06-28 13:12:33","U","2019-06-30 02:40:00.0","룸살롱","186670.34094525     ","450042.663796385    ","룸살롱","0","1","유흥업소밀집지역","갑","상수도전용","","","","","","","","","N","137.08","","",""
"3150000","3150000-102-1989-00738","19890922","","01","영업/정상","01","영업","","","","","02 6941008","248.16","157928","서울특별시 강서구 화곡동 1117-11번지 (지하 1층) ","서울특별시 강서구 공항대로46길 96, 지하 1층 (화곡동, 6동)","07658","로그인노래타운","2018-05-29 14:31:33","I","2018-08-31 23:59:59.0","카바레","186721.072343532    ","449990.605502928    ","카바레","","","","","","","","","","","","","","N","248.16","","",""
"3150000","3150000-102-1989-00740","19891128","","03","폐업","02","폐업","19990608","","","","0206058665","66.63","157916","서울특별시 강서구 화곡동 1105-7번지 ","","","호림","2002-09-09 00:00:00","I","2018-08-31 23:59:59.0","룸살롱","186630.072444759    ","450017.491548589    ","룸살롱","0","1","기타","갑","상수도전용","","","","","","","","","N","66.63","","",""
"3150000","3150000-102-1989-00742","19891124","","03","폐업","02","폐업","20000315","","","","0226046341","138.96","157915","서울특별시 강서구 화곡동 981-13번지 ","","","아방궁","2000-03-15 00:00:00","I","2018-08-31 23:59:59.0","룸살롱","186529.517688772    ","449732.875947079    ","룸살롱","2","0","유흥업소밀집지역","갑","상수도전용","","","","","","","","","N","138.96","","",""
"3150000","3150000-102-1989-00744","19890613","","03","폐업","02","폐업","19970829","","","","0206621408","68.90","157853","서울특별시 강서구 방화동 614-97번지 ","","","에프엠","2001-09-28 00:00:00","I","2018-08-31 23:59:59.0","룸살롱","183250.670089409    ","451399.992756058    ","룸살롱","1","2","기타","자율","상수도전용","","","","","","","","","N","68.9","","",""
"3150000","3150000-102-1989-00749","19890712","","03","폐업","02","폐업","20140903","","","","0226992836","121.18","157868","서울특별시 강서구 화곡동 72-3번지 ","서울특별시 강서구 화곡로 248-5 (화곡동)","","빈","2011-05-11 10:32:47","I","2018-08-31 23:59:59.0","룸살롱","186338.710376523    ","449461.023351392    ","룸살롱","0","2","유흥업소밀집지역","을","상수도전용","","","","","","","","","N","121.18","","",""
"3150000","3150000-102-1989-00751","1989-08-28","","03","폐업","02","폐업","2023-03-14","","","","0 26645004","94.82","157-846","서울특별시 강서구 방화동 249-254","서울특별시 강서구 초원로13길 56 (방화동)","","백악관노래반","2023-03-14 14:21:46","U","2022-12-02 23:06:00.0","룸살롱","183418.792478242","451956.80073079","","","","","","","","","","","","","","","","","","",""
"3150000","3150000-102-1989-00752","19890830","","01","영업/정상","01","영업","","","","","0226646229","82.76","157812","서울특별시 강서구 공항동 53-58번지 (지하 1층) ","서울특별시 강서구 송정로 60, 지하 1층 (공항동)","07623","블루노래바","2018-01-04 14:04:33","I","2018-08-31 23:59:59.0","룸살롱","183157.746867843    ","450892.101485689    ","룸살롱","1","2","기타","자율","상수도전용","","","","","","","","","N","82.76","","",""
"3150000","3150000-102-1989-00753","19890831","","01","영업/정상","01","영업","","","","","0226646353","79.91","157851","서울특별시 강서구 방화동 580-153 (지하 1층)","서울특별시 강서구 방화동로 99-1, 지하 1층 (방화동, 2동)","07607","애플노래바","2022-07-01 14:06:51","U","2021-12-07 00:03:00.0","룸살롱","183383.186509847","451907.410307195","","","","","","","","","","","","","","","","","","",""
"3150000","3150000-102-1989-00759","19890922","","03","폐업","02","폐업","20180220","","","","02 6981932","38.78","157866","서울특별시 강서구 화곡동 24-106번지 ","서울특별시 강서구 화곡로42길 24 (화곡동, 본동)","07679","대부","2018-02-20 14:58:50","I","2018-08-31 23:59:59.0","룸살롱","186384.676053166    ","449327.825659344    ","룸살롱","0","0","유흥업소밀집지역","을","상수도전용","","","","","","","","","Y","38.78","","",""
"3150000","3150000-102-1989-00764","19891006","","03","폐업","02","폐업","20140220","","","","02 6994184","201.74","157869","서울특별시 강서구 화곡동 73-51번지 ","서울특별시 강서구 화곡로 252 (화곡동)","07678","귀족","2009-06-04 11:23:36","I","2018-08-31 23:59:59.0","룸살롱","186335.414911828    ","449470.119087541    ","룸살롱","","","","","","","","","","","","","","N","201.74","","",""
"3150000","3150000-102-1989-00765","19890105","","03","폐업","02","폐업","20081106","","","","02","193.38","157866","서울특별시 강서구 화곡동 24-90번지 ","","","궁비즈니스클럽","2005-12-12 00:00:00","I","2018-08-31 23:59:59.0","룸살롱","186295.212820604    ","449367.968101653    ","룸살롱","0","1","기타","자율","상수도전용","","","","","","","","","N","193.38","","",""
"3150000","3150000-102-1989-00781","19891208","","03","폐업","02","폐업","19940304","","","","0206516666",".00","157862","서울특별시 강서구 염창동 260-1번지 ","","","아리수","2001-09-28 00:00:00","I","2018-08-31 23:59:59.0","비어(바)살롱","189156.529751731    ","449587.831518793    ","비어(바)살롱","1","2","기타","기타","상수도전용","","","","","","","","","N","0","","",""
"3150000","3150000-102-1989-00783","19890928","","01","영업/정상","01","영업","","","","","0269767887","406.43","157928","서울특별시 강서구 화곡동 1116-6 외 1필지 (지하 1층) ","서울특별시 강서구 화곡로 336, 지하 1층 (화곡동, 6동)","07653","샴푸 노래크럽","2020-10-23 14:48:29","U","2020-10-25 02:40:00.0","룸살롱","186796.782201997    ","450156.956662422    ","룸살롱","","","","","","","","","","","","","","N","406.43","","",""
"3150000","3150000-102-1989-00795","19891213","","03","폐업","02","폐업","20110406","","","","0226062005","547.13","157928","서울특별시 강서구 화곡동 1107-2번지 (지하 1층~2층) ","","","토탈노래바","2010-03-15 11:58:30","I","2018-08-31 23:59:59.0","룸살롱","187030.425999035    ","450310.277467781    ","룸살롱","","","","","","","","","","","","","","N","547.13","","",""
"3150000","3150000-102-1990-00733","19901020","","03","폐업","02","폐업","20190620","","","","0226022291","98.40","157916","서울특별시 강서구 화곡동 1097-5번지 (지하 1층) ","서울특별시 강서구 우장산로 127, 지하 1층 (화곡동, 6동)","07649","(주)홀인원","2019-06-20 11:54:26","U","2019-06-22 02:40:00.0","룸살롱","186701.677858313    ","450127.26809442     ","룸살롱","1","3","","","","","","","","","","","","N","98.4","","",""
"3150000","3150000-102-1990-00745","19901210","","01","영업/정상","01","영업","","","","","0226030748","116.60","157879","서울특별시 강서구 화곡동 338-32번지 (지하 1층) ","서울특별시 강서구 강서로20길 4, 지하 1층 (화곡동, 8동)","07751","황금","2019-10-22 18:03:15","U","2019-10-24 02:40:00.0","룸살롱","186304.957388792    ","447950.131514272    ","룸살롱","","","","","","","","","","","","","","Y","116.6","","",""
"3150000","3150000-102-1990-00757","19900823","","01","영업/정상","01","영업","","","","","0226957498","87.08","157928","서울특별시 강서구 화곡동 1117-19 (지하 1층)","서울특별시 강서구 화곡로 328, 지하 1층 (화곡동, 6동)","07658","귀족","2022-12-15 13:52:21","U","2021-11-01 23:07:00.0","룸살롱","186760.671551321","450084.209392883","","","","","","","","","","","","","","","","","","",""
"3150000","3150000-102-1990-00767","1990-03-29","","03","폐업","02","폐업","2024-01-31","","","","0220656063","99.67","157-870","서울특별시 강서구 화곡동 94-0 (지하 1층)","서울특별시 강서구 화곡로 248, 지하 1층 (화곡동, 본동)","07678","삼육오(365)","2024-01-31 09:43:32","U","2023-12-02 00:02:00.0","카바레","186319.532537765","449441.756638539","","","","","","","","","","","","","","","","","","",""
"3150000","3150000-102-1991-00794","19910109","","03","폐업","02","폐업","20050614","","","","02","533.25","157853","서울특별시 강서구 방화동 612-18번지 ","","","관문회관","2001-09-28 00:00:00","I","2018-08-31 23:59:59.0","카바레","183119.924231899    ","451273.211597643    ","카바레","5","5","유흥업소밀집지역","지도","상수도전용","","","","","","","","","N","533.25","","",""
"3150000","3150000-102-1991-00800","19910917","","03","폐업","02","폐업","20120507","","","","0226026200","1,052.00","157928","서울특별시 강서구 화곡동 1110-0번지 (지하 1~2층) ","","","노스탈자관광호텔나이트","2010-11-02 15:24:14","I","2018-08-31 23:59:59.0","관광호텔나이트(디스코)","186908.920793249    ","450297.393074396    ","관광호텔나이트(디스코)","","","","","","","","","","","","","","N","1052","","",""
"3150000","3150000-102-1992-00796","19921222","","03","폐업","02","폐업","19990722","","","","02 6041295","385.68","157909","서울특별시 강서구 화곡동 902-3번지 ","","","금성카바레","2001-09-28 00:00:00","I","2018-08-31 23:59:59.0","카바레","186404.656971703    ","447459.491685718    ","카바레","2","2","기타","자율","상수도전용","","","","","","","","","N","385.68","","",""
"3150000","3150000-102-1992-00799","19920409","","03","폐업","02","폐업","20160930","","","","0226520348","921.90","157836","서울특별시 강서구 등촌동 505-2번지 외 5필지 호텔그린월드 (지하 2층) ","서울특별시 강서구 공항대로 516, 지하 2층 (등촌동, 2동 호텔그린월드)","07665","호박관광나이트클럽","2014-02-14 10:36:33","I","2018-08-31 23:59:59.0","관광호텔나이트(디스코)","187851.415781065    ","449900.510297141    ","관광호텔나이트(디스코)","0","0","주택가주변","자율","상수도전용","","","","","","","","","N","921.9","","",""
"3150000","3150000-102-1992-00807","19920219","","01","영업/정상","01","영업","","","","","0226990946","109.43","157909","서울특별시 강서구 화곡동 898-16 (지하 1층) ","서울특별시 강서구 강서로 21, 지하 1층 (화곡동, 1동)","07778","테마노래빠","2020-09-11 15:36:53","U","2020-09-13 02:40:00.0","룸살롱","186455.628277915    ","447517.152976677    ","룸살롱","2","3","","","","","","","","","","","","N","109.43","","",""
"3150000","3150000-102-1993-00732","19930201","","03","폐업","02","폐업","20180226","","","","0226904113","114.84","157916","서울특별시 강서구 화곡동 998-7번지 (지하 1층) ","서울특별시 강서구 화곡로 305, 지하 1층 (화곡동, 6동)","07686","뉴욕뉴욕","2018-02-26 11:28:42","I","2018-08-31 23:59:59.0","룸살롱","186594.343840052    ","449932.475185708    ","룸살롱","","","","","상수도전용","","","","","","","","","N","114.84","","",""
"3150000","3150000-102-1993-00766","19930529","","03","폐업","02","폐업","20060828","","","","02","155.96","157868","서울특별시 강서구 화곡동 72-1번지 ","","","개구리","2004-01-10 00:00:00","I","2018-08-31 23:59:59.0","룸살롱","186358.332102311    ","449480.163884546    ","룸살롱","2","4","유흥업소밀집지역","갑","상수도전용","","","","","","","","","N","155.96","","",""
"3150000","3150000-102-1993-00771","19930607","","01","영업/정상","01","영업","","","","","0226063913","113.65","157924","서울특별시 강서구 화곡동 1066-1번지 (지하 1층) ","서울특별시 강서구 화곡로 137, 지하 1층 (화곡동, 3동)","07714","킹","2020-05-22 13:51:49","U","2020-05-24 02:40:00.0","룸살롱","185525.037339561    ","448760.644761168    ","룸살롱","","","","","","","","","","","","","","N","113.65","","",""
"3150000","3150000-102-1993-00778","19930728","","03","폐업","02","폐업","19940902","","","","0206637662","185.76","157817","서울특별시 강서구 공항동 434-2번지 외3필지 ","","","라스베가스","2010-09-08 18:09:02","I","2018-08-31 23:59:59.0","카바레","182963.925350795    ","451015.031184025    ","카바레","5","10","유흥업소밀집지역","자율","상수도전용","","","","","","","","","N","185.76","","",""
"3150000","3150000-102-1994-00782","19940928","","03","폐업","02","폐업","19970829","","","","02 6010594","145.90","157928","서울특별시 강서구 화곡동 1117-11번지 ","","","에프엠","2010-01-29 11:20:59","I","2018-08-31 23:59:59.0","카바레","186721.072343532    ","449990.605502928    ","카바레","2","2","유흥업소밀집지역","기타","상수도전용","","","","","","","","","N","145.9","","",""
"3150000","3150000-102-1995-00756","19950120","","03","폐업","02","폐업","20021009","","","","0266562585","152.94","157811","서울특별시 강서구 공항동 11-21번지 ","","","드라마","2009-11-10 14:42:00","I","2018-08-31 23:59:59.0","룸살롱","183529.005183547    ","451027.590421816    ","룸살롱","0","","유흥업소밀집지역","자율","상수도전용","","","","","","","","","N","152.94","","",""
"3150000","3150000-102-1996-00793","19960905","","03","폐업","02","폐업","20041215","","","","02 6983386","65.00","157909","서울특별시 강서구 화곡동 905-9번지 ","","","멕시코","2001-09-28 00:00:00","I","2018-08-31 23:59:59.0","카바레","186355.084186229    ","447404.189780345    ","카바레","2","1","유흥업소밀집지역","지도","상수도전용","","","","","","","","","N","65","","",""
"3150000","3150000-102-1999-06799","19990528","","01","영업/정상","01","영업","","","","","0226082711","72.75","157910","서울특별시 강서구 화곡동 935-5번지 (지하 1층) ","서울특별시 강서구 강서로5나길 144, 지하 1층 (화곡동, 1동)","07775","승리노래바","2018-11-07 11:26:02","U","2018-11-09 02:37:04.0","룸살롱","185794.422149489    ","447360.483643506    ","룸살롱","","","","","","","","","","","","","","N","72.75","","",""
"3150000","3150000-102-1999-06823","19990506","","03","폐업","02","폐업","20100630","","","","02 6669731","167.14","157812","서울특별시 강서구 공항동 48-1번지 외 1필지 (73-7) ","","","홀인원성인노래클럽","2010-06-30 14:49:46","I","2018-08-31 23:59:59.0","룸살롱","183102.245899868    ","451174.11874841     ","룸살롱","6","7","기타","기타","상수도전용","","","","","","","","","N","167.14","","",""
"3150000","3150000-102-1999-06825","19990511","","03","폐업","02","폐업","20220908","","","","0226969137","102.56","157909","서울특별시 강서구 화곡동 899-5 외 3필지 남흥빌딩 (지하 1층)","서울특별시 강서구 곰달래로24길 18, 지하 1층 (화곡동, 1동 남흥빌딩)","07777","해수광장","2022-09-08 15:37:28","U","2021-12-08 23:01:00.0","간이주점","186397.14456266","447525.601346498","","","","","","","","","","","","","","","","","","",""
"3150000","3150000-102-1999-06858","1999-03-31","","01","영업/정상","01","영업","","","","","0226084783","150.00","157-909","서울특별시 강서구 화곡동 903-4 (지상 2층)","서울특별시 강서구 강서로5길 4, 2층 (화곡동, 1동)","07778","황실노래바","2023-11-01 10:45:13","U","2022-11-01 00:04:00.0","카바레","186477.548977741","447457.338420055","","","","","","","","","","","","","","","","","","",""
"3150000","3150000-102-1999-07373","19990706","","01","영업/정상","01","영업","","","","","0226038810","119.99","157909","서울특별시 강서구 화곡동 904-13번지 (지하 1층) ","서울특별시 강서구 강서로5나길 18, 지하 1층 (화곡동, 1동)","07778","가야","2014-02-13 11:31:10","I","2018-08-31 23:59:59.0","룸살롱","186434.920963544    ","447405.536849132    ","룸살롱","0","0","유흥업소밀집지역","기타","상수도전용","","","","","","","","","N","119.99","","",""
"3150000","3150000-102-1999-07400","19990715","","03","폐업","02","폐업","20030729","","","","02 6943111","95.26","157928","서울특별시 강서구 화곡동 1111-7번지 ","","","뮤직캐빈","2012-03-19 15:25:52","I","2018-08-31 23:59:59.0","카바레","186834.234500517    ","450221.185293857    ","카바레","0","0","유흥업소밀집지역","기타","상수도전용","","","","","","","","","N","95.26","","",""
"3150000","3150000-102-1999-07522","19990902","","03","폐업","02","폐업","20010213","","","","0226074399","302.00","157928","서울특별시 강서구 화곡동 1117-7번지 ","","","월드컵성인나이트","2001-02-14 00:00:00","I","2018-08-31 23:59:59.0","고고(디스코)클럽","186742.624404896    ","450021.683309823    ","고고(디스코)클럽","3","3","유흥업소밀집지역","기타","상수도전용","","","","","","","","","N","302","","",""
"3150000","3150000-102-1999-07523","19990906","","03","폐업","02","폐업","20120509","","","","0226957371","379.33","157928","서울특별시 강서구 화곡동 1116-3번지 (지하 1층) ","서울특별시 강서구 화곡로 지하 330, 1층 (화곡동, 6동)","","클럽나인","2012-04-24 17:36:28","I","2018-08-31 23:59:59.0","룸살롱","186780.470195989    ","450119.939314207    ","룸살롱","","","","","","","","","","","","","","N","379.33","","",""
"3150000","3150000-102-1999-07541","19990914","","03","폐업","02","폐업","20201112","","","","0226639881","193.89","157817","서울특별시 강서구 공항동 434-2 외 3필지 (지하 1층) ","서울특별시 강서구 공항대로 6, 지하 1층 (공항동)","07622","런웨이","2020-11-12 15:20:42","U","2020-11-14 02:40:00.0","룸살롱","182963.925350795    ","451015.031184025    ","룸살롱","","","","","","","","","","","","","","N","193.89","","",""
"3150000","3150000-102-1999-07585","19990921","","03","폐업","02","폐업","20061213","","","","02","202.10","157866","서울특별시 강서구 화곡동 24-90번지 ","","","한강클럽","2005-08-30 00:00:00","I","2018-08-31 23:59:59.0","룸살롱","186295.212820604    ","449367.968101653    ","룸살롱","0","0","기타","기타","","","","","","","","","","N","202.1","","",""
"3150000","3150000-102-1999-07620","19991020","","03","폐업","02","폐업","20000418","","","","02 6618877","131.37","157853","서울특별시 강서구 방화동 621-24번지 ","","","치앙마이룸싸롱","2000-04-18 00:00:00","I","2018-08-31 23:59:59.0","룸살롱","182914.770762913    ","451105.609040835    ","룸살롱","2","5","기타","기타","상수도전용","","","","","","","","","N","131.37","","",""
"3150000","3150000-102-1999-07660","19990528","","03","폐업","02","폐업","20191205","","","","0226055994","86.34","157895","서울특별시 강서구 화곡동 29-57번지 태원빌딩 (지하 1층) ","서울특별시 강서구 까치산로 86, 지하 1층 (화곡동, 본동 태원빌딩)","07674","붐비오노래팡","2019-12-05 11:38:23","U","2019-12-07 02:40:00.0","룸살롱","186490.193484856    ","449317.946875838    ","룸살롱","","","","","상수도전용","","","","","","","","","N","86.34","","",""
"3150000","3150000-102-1999-07677","19991111","","03","폐업","02","폐업","20130603","","","","02  36627777","216.53","157862","서울특별시 강서구 염창동 260-0번지 외 1필지 (지상 9층) ","서울특별시 강서구 공항대로 653-30 (염창동,외 1필지 (지상 9층))","07557","리버","2011-05-11 14:38:25","I","2018-08-31 23:59:59.0","룸살롱","189172.250232972    ","449594.160970902    ","룸살롱","","","","","","","","","","","","","","N","216.53","","",""
"3150000","3150000-102-1999-07685","1999-11-10","","01","영업/정상","01","영업","","","","","0226041177","105.41","157-866","서울특별시 강서구 화곡동 24-347 (지하 1층)","서울특별시 강서구 화곡로 268, 지하 1층 (화곡동, 본동)","07673","하트노래바","2023-12-01 13:28:00","U","2022-11-02 00:03:00.0","룸살롱","186422.547900481","449596.655559808","","","","","","","","","","","","","","","","","","",""
"3150000","3150000-102-1999-07735","19991126","","01","영업/정상","01","영업","","","","","0226940503","55.24","157928","서울특별시 강서구 화곡동 1117-2 (지하 1층) ","서울특별시 강서구 공항대로46길 82, 지하 1층 (화곡동, 6동)","07658","힐탑","2020-10-23 15:31:26","U","2020-10-25 02:40:00.0","카바레","186765.204615439    ","450054.458589824    ","카바레","0","0","기타","기타","상수도전용","","","","","","","","","N","55.24","","",""
"3150000","3150000-102-1999-07736","19991125","","03","폐업","02","폐업","20040614","","","","02","83.30","157915","서울특별시 강서구 화곡동 981-2번지 ","","","캔디","2003-06-03 00:00:00","I","2018-08-31 23:59:59.0","룸살롱","186555.628628001    ","449771.364963816    ","룸살롱","0","0","기타","기타","","","","","","","","","","N","83.3","","",""
"3150000","3150000-102-1999-07777","19991218","","03","폐업","02","폐업","20120220","","","","02  20657439","288.11","157928","서울특별시 강서구 화곡동 1116-3번지 (지상 7층) ","","","방콕","2010-08-24 11:13:32","I","2018-08-31 23:59:59.0","룸살롱","186780.470195989    ","450119.939314207    ","룸살롱","","","","","","","","","","","","","","N","288.11","","",""
"3150000","3150000-102-1999-07825","19991229","","01","영업/정상","01","영업","","","","","0226957880","64.40","157928","서울특별시 강서구 화곡동 1117-1번지 (지상 1층) ","서울특별시 강서구 공항대로46길 78, 1층 (화곡동, 6동)","07658","청록","2016-12-05 13:25:05","I","2018-08-31 23:59:59.0","룸살롱","186773.471826913    ","450066.5635536      ","룸살롱","","","","","","","","","","","","","","N","64.4","","",""
"3150000","3150000-102-1999-07909","19990419","","03","폐업","02","폐업","20070903","","","","0226086928","129.29","157871","서울특별시 강서구 화곡동 1076-1번지 ","","","데뷰가요주점","2006-10-11 00:00:00","I","2018-08-31 23:59:59.0","룸살롱","185892.433353743    ","448833.020780674    ","룸살롱","0","0","학교정화(상대)","기타","","","","","","","","","","N","129.29","","",""
"3150000","3150000-102-1999-07910","19990621","","03","폐업","02","폐업","20120316","","","","0226915588","67.70","157866","서울특별시 강서구 화곡동 24-344번지 (지하 1층) ","","","아쿠아","2011-10-07 17:47:15","I","2018-08-31 23:59:59.0","룸살롱","186447.304273382    ","449600.82391609     ","룸살롱","1","2","유흥업소밀집지역","자율","상수도전용","","","","","","","","","N","67.7","","",""
"3150000","3150000-102-1999-07912","19991125","","03","폐업","02","폐업","20080403","","","","0226076940","95.06","157866","서울특별시 강서구 화곡동 24-91번지 ","","","초원의집","2007-10-12 15:22:31","I","2018-08-31 23:59:59.0","카바레","186292.945737558    ","449348.567854679    ","카바레","1","2","유흥업소밀집지역","자율","상수도전용","","","","","","","","","N","95.06","","",""
"3150000","3150000-102-2000-07831","20000104","","03","폐업","02","폐업","20200303","","","","0226077827","186.07","157916","서울특별시 강서구 화곡동 1097-9번지 (지하 1층) ","서울특별시 강서구 화곡로 329, 지하 1층 (화곡동, 6동)","07649","뉴욕","2020-03-03 14:56:21","U","2020-03-05 02:40:00.0","룸살롱","186722.122757462    ","450140.803920959    ","룸살롱","","","","","","","","","","","","","","Y","186.07","","",""
"3150000","3150000-102-2000-07843","20000119","","03","폐업","02","폐업","20030430","","","","0226017922","134.44","157915","서울특별시 강서구 화곡동 980-21번지 ","","","루비비지니스클럽","2000-01-26 00:00:00","I","2018-08-31 23:59:59.0","룸살롱","186594.265612983    ","449819.1839312      ","룸살롱","0","0","기타","기타","","","","","","","","","","N","134.44","","",""
"3150000","3150000-102-2000-07855","20000131","","03","폐업","02","폐업","20190402","","","","0226043124","130.97","157916","서울특별시 강서구 화곡동 1105-0번지 외 1필지 (지하 2층) ","서울특별시 강서구 화곡로 323, 지하 2층 (화곡동, 6동)","07686","별밤","2019-04-02 11:29:27","U","2019-04-04 02:40:00.0","룸살롱","186704.535590152    ","450092.127369075    ","룸살롱","","","","","","","","","","","","","","Y","130.97","","",""
"3150000","3150000-102-2000-07858","20000202","","01","영업/정상","01","영업","","","","","0236630464","78.60","157807","서울특별시 강서구 가양동 1479-4번지 씨드가양플라자 (지하 2층) 201호","서울특별시 강서구 양천로57길 13, 지하 2층 201호 (가양동, 2동 씨드가양플라자 )","07527","뉴스타노래바","2020-06-16 15:29:38","U","2020-06-18 02:40:00.0","룸살롱","186856.937642624    ","451268.389266826    ","룸살롱","","","","","","","","","","","","","","Y","78.6","","",""
"3150000","3150000-102-2000-07860","20000311","","03","폐업","02","폐업","20100527","","","","02 6624959","126.11","157853","서울특별시 강서구 방화동 619-7번지 (지하 1층) ","","","페르시아","2010-05-27 11:25:53","I","2018-08-31 23:59:59.0","룸살롱","182924.505322144    ","451175.952498834    ","룸살롱","2","4","기타","기타","","","","","","","","","","N","126.11","","",""
"3150000","3150000-102-2000-07861","20000316","","03","폐업","02","폐업","20210420","","","","0226662070","61.08","157853","서울특별시 강서구 방화동 621-9 (지하 1층) ","서울특별시 강서구 개화동로31길 6, 지하 1층 (방화동, 2동)","07620","워싱턴 노래반","2021-04-20 14:11:26","U","2021-04-22 02:40:00.0","룸살롱","182940.995178251    ","451103.946915643    ","룸살롱","","","","","상수도전용","","","","","","","","","N","61.08","","",""
"3150000","3150000-102-2000-07862","20000321","","03","폐업","02","폐업","20201126","","","","02 6668338","90.88","157812","서울특별시 강서구 공항동 50-1 외 2필지 (지하 1층) ","서울특별시 강서구 공항대로 20, 지하 1층 (공항동)","07622","황진이","2020-11-26 17:37:46","U","2020-11-28 02:40:00.0","룸살롱","183095.853129506    ","451005.48603635     ","룸살롱","","","","","상수도전용","","","","","","","","","N","90.88","","",""
"3150000","3150000-102-2000-07863","20000202","","03","폐업","02","폐업","20070820","","","","02 6951980","45.90","157881","서울특별시 강서구 화곡동 343-58번지 ","","","아방궁","2005-01-31 00:00:00","I","2018-08-31 23:59:59.0","비어(바)살롱","186387.675544279    ","447668.923637062    ","비어(바)살롱","1","1","유흥업소밀집지역","자율","상수도전용","","","","","","","","","N","45.9","","",""
"3150000","3150000-102-2000-07864","20000322","","01","영업/정상","01","영업","","","","","0226928558","248.20","157928","서울특별시 강서구 화곡동 1111-5 (지하 1층) ","서울특별시 강서구 화곡로 340, 지하 1층 (화곡동, 6동)","07653","명품","2021-06-18 15:08:25","U","2021-06-20 02:40:00.0","룸살롱","186829.379930715    ","450187.567181193    ","룸살롱","","","","","","","","","","","","","","Y","248.2","","",""
"3150000","3150000-102-2000-07866","20000329","","03","폐업","02","폐업","20180226","","","","0226904113","66.05","157916","서울특별시 강서구 화곡동 998-6번지 (지하 1층) ","서울특별시 강서구 화곡로 305, 지하 1층 (화곡동, 6동)","07686","비젼","2018-02-26 11:30:00","I","2018-08-31 23:59:59.0","룸살롱","186601.992201036    ","449943.203660389    ","룸살롱","","","","","상수도전용","","","","","","","","","N","66.05","","",""
"3150000","3150000-102-2000-07872","20000222","","03","폐업","02","폐업","20070410","","","","02 6965074","211.24","157915","서울특별시 강서구 화곡동 981-11번지 ","","","개벽","2007-01-22 00:00:00","I","2018-08-31 23:59:59.0","룸살롱","186524.978947105    ","449752.604253869    ","룸살롱","0","0","","","","","","","","","","","","N","211.24","","",""
"3150000","3150000-102-2000-07913","20000215","","03","폐업","02","폐업","20030225","","","","02 6961145","265.05","157869","서울특별시 강서구 화곡동 73-49번지 ","","","소낙비","2000-08-22 00:00:00","I","2018-08-31 23:59:59.0","룸살롱","186352.550070658    ","449495.06576488     ","룸살롱","0","0","유흥업소밀집지역","자율","상수도전용","","","","","","","","","N","265.05","","",""
"3150000","3150000-102-2000-07914","20000229","","01","영업/정상","01","영업","","","","","0226941622","86.25","157928","서울특별시 강서구 화곡동 1117-13 (지하 1층) ","서울특별시 강서구 화곡로 316, 지하 1층 (화곡동, 6동)","07658","썸씽","2020-07-02 16:23:43","U","2020-07-04 02:40:00.0","룸살롱","186691.930788115    ","449987.435448534    ","룸살롱","","","","","상수도전용","","","","","","","","","N","86.25","","",""
"3150000","3150000-102-2000-07915","2000-03-27","","01","영업/정상","01","영업","","","","","0226023644","83.15","157-916","서울특별시 강서구 화곡동 1105-5 외 1필지 (지하 1층)","서울특별시 강서구 화곡로 313, 지하 1층 (화곡동, 6동)","07686","디바노래바","2023-12-29 09:59:21","U","2022-11-01 21:01:00.0","룸살롱","186651.025909247","450017.832511599","","","","","","","","","","","","","","","","","","",""
"3150000","3150000-102-2000-07917","20000328","","03","폐업","02","폐업","20100331","","","","02  26900622","109.03","157928","서울특별시 강서구 화곡동 1116-5번지 (지하 1층) ","","","귀빈","2010-01-22 17:03:03","I","2018-08-31 23:59:59.0","룸살롱","186789.993152046    ","450141.605743059    ","룸살롱","0","0","유흥업소밀집지역","기타","상수도전용","","","","","","","","","N","109.03","","",""
"3150000","3150000-102-2000-07991","20000607","","03","폐업","02","폐업","20181025","","","","0226968781","63.64","157916","서울특별시 강서구 화곡동 987-7번지 (지하 1층) ","서울특별시 강서구 화곡로 289, 지하 1층 (화곡동, 6동)","07687","린","2018-10-25 14:02:41","U","2018-10-27 02:37:09.0","룸살롱","186501.147308383    ","449795.582277121    ","룸살롱","1","4","유흥업소밀집지역","자율","상수도전용","","","","","","","","","N","63.64","","",""
"3150000","3150000-102-2000-08129","20000605","","01","영업/정상","01","영업","","","","","02 6983640","64.17","157910","서울특별시 강서구 화곡동 935-14 (지하 1층)","서울특별시 강서구 강서로5나길 152, 지하 1층 (화곡동, 1동)","07775","비너스","2023-01-11 10:20:36","U","2022-11-30 23:03:00.0","룸살롱","185766.036883246","447358.637705214","","","","","","","","","","","","","","","","","","",""
"3150000","3150000-102-2000-08677","20000719","","03","폐업","02","폐업","20210518","","","","0226041919","69.68","157871","서울특별시 강서구 화곡동 1076-14 (지하 1층) ","서울특별시 강서구 강서로 154, 지하 1층 (화곡동, 본동)","07727","떠블유(w)","2021-05-18 11:38:01","U","2021-05-20 02:40:00.0","카바레","185925.07322188     ","448730.220138329    ","카바레","","","","","상수도전용","","","","","","","","","Y","69.68","","",""
"3150000","3150000-102-2000-08678","2000-07-12","","01","영업/정상","01","영업","","","","","0226086809","72.29","157-873","서울특별시 강서구 화곡동 1063-13 (지하 1층)","서울특별시 강서구 화곡로 175, 지하 1층 (화곡동, 우장산동)","07702","타임","2023-09-14 07:23:48","U","2022-12-08 23:07:00.0","룸살롱","185887.933592138","448882.777198607","","","","","","","","","","","","","","","","","","",""
"3150000","3150000-102-2000-08699","20000615","","03","폐업","02","폐업","20060224","","","","02 6992844","97.20","157916","서울특별시 강서구 화곡동 998-5번지 ","","","카니발","2003-06-03 00:00:00","I","2018-08-31 23:59:59.0","룸살롱","186609.328693778    ","449953.804184615    ","룸살롱","0","0","유흥업소밀집지역","자율","상수도전용","","","","","","","","","N","97.2","","",""
"3150000","3150000-102-2000-08700","20000805","","03","폐업","02","폐업","20220110","","","","0220610221","74.97","157873","서울특별시 강서구 화곡동 1063-11 (지하 1층) ","서울특별시 강서구 화곡로 181, 지하 1층 (화곡동, 우장산동)","07702","잘난남자노래바","2022-01-10 17:03:53","U","2022-01-13 02:40:00.0","룸살롱","185920.391881274    ","448904.767178087    ","룸살롱","0","0","","","","0","0","0","0","0","","0","0","N","74.97","","",""
"3150000","3150000-102-2000-08704","2000-09-04","","01","영업/정상","01","영업","","","","","0226085552","83.46","157-909","서울특별시 강서구 화곡동 904-27 (지하 1층)","서울특별시 강서구 강서로5길 16, 지하 1층 (화곡동, 1동)","07778","별궁노래바","2023-11-01 10:46:01","U","2022-11-01 00:04:00.0","룸살롱","186501.718409551","447407.818736501","","","","","","","","","","","","","","","","","","",""
"3150000","3150000-102-2000-08705","20000921","","01","영업/정상","01","영업","","","","","0226073988","109.62","157915","서울특별시 강서구 화곡동 981-13번지 (지하 1층) ","서울특별시 강서구 화곡로50길 5, 지하 1층 (화곡동, 6동)","07663","대명","2015-12-15 16:16:25","I","2018-08-31 23:59:59.0","룸살롱","186529.517688772    ","449732.875947079    ","룸살롱","1","5","유흥업소밀집지역","자율","상수도전용","","","","","","","","","N","109.62","","",""
"3150000","3150000-102-2000-08706","20000928","","03","폐업","02","폐업","20170502","","","","0226072693","90.50","157910","서울특별시 강서구 화곡동 935-15번지 (지하 1층) ","서울특별시 강서구 월정로 104, 지하 1층 (화곡동, 1동)","07775","오렌지","2017-05-02 11:40:25","I","2018-08-31 23:59:59.0","룸살롱","185732.895750354    ","447380.297316673    ","룸살롱","2","4","유흥업소밀집지역","기타","상수도전용","","","","","","","","","N","90.5","","",""
"3150000","3150000-102-2000-08708","20001010","","01","영업/정상","01","영업","","","","","0226951980","56.70","157881","서울특별시 강서구 화곡동 343-60번지 (지하 1층) ","서울특별시 강서구 강서로 35, 지하 1층 (화곡동, 1동)","07774","궁궐노래타운","2018-11-05 15:38:41","U","2018-11-07 02:37:12.0","룸살롱","186402.816527333    ","447637.266027106    ","룸살롱","","","","","상수도전용","","","","","","","","","N","56.7","","",""
"3150000","3150000-102-2000-08709","20000628","","01","영업/정상","01","영업","","","","","0226925824","46.20","157928","서울특별시 강서구 화곡동 1117-1 (지하 1층)","서울특별시 강서구 공항대로46길 78, 지하 1층 (화곡동, 6동)","07658","텐프로","2022-08-17 14:26:56","U","2021-12-07 22:00:00.0","룸살롱","186773.471826913","450066.5635536","","","","","","","","","","","","","","","","","","",""
"3150000","3150000-102-2000-08710","20000802","","03","폐업","02","폐업","20010718","","","","02 6976157","99.44","157871","서울특별시 강서구 화곡동 1076-17번지 ","","","뉴월드","2001-07-16 00:00:00","I","2018-08-31 23:59:59.0","룸살롱","185895.859248949    ","448779.419308876    ","룸살롱","1","3","유흥업소밀집지역","자율","상수도전용","","","","","","","","","N","99.44","","",""
"3150000","3150000-102-2000-08711","20000317","","03","폐업","02","폐업","20020328","","","","02 6926222","294.93","157909","서울특별시 강서구 화곡동 902-3번지 ","","","123나이트","2000-10-17 00:00:00","I","2018-08-31 23:59:59.0","고고(디스코)클럽","186404.656971703    ","447459.491685718    ","고고(디스코)클럽","0","0","기타","기타","상수도전용","","","","","","","","","N","294.93","","",""
"3150000","3150000-102-2000-08712","20000619","","01","영업/정상","01","영업","","","","","02  20659998","66.71","157916","서울특별시 강서구 화곡동 1105-5 (지하 1층)","서울특별시 강서구 화곡로 313, 지하 1층 (화곡동, 6동)","07686","情(정)","2022-06-16 13:58:56","U","2021-12-05 23:08:00.0","룸살롱","186651.025909247","450017.832511599","","","","","","","","","","","","","","","","","","",""
"3150000","3150000-102-2000-08724","20001101","","03","폐업","02","폐업","20200615","","","","0226660890","84.48","157853","서울특별시 강서구 방화동 621-24번지 (지하 1층) ","서울특별시 강서구 개화동로 565, 지하 1층 (방화동, 2동)","07620","필노래반","2020-06-15 15:16:45","U","2020-06-17 02:40:00.0","룸살롱","182914.770762913    ","451105.609040835    ","룸살롱","","","","","상수도전용","","","","","","","","","N","84.48","","",""
"3150000","3150000-102-2000-08772","20001205","","01","영업/정상","01","영업","","","","","0226069395","72.44","157916","서울특별시 강서구 화곡동 1105-7번지 (지하 1층) ","서울특별시 강서구 우장산로16길 19, 지하 1층 (화곡동, 6동)","07686","첼시노래바","2019-11-21 16:53:28","U","2019-11-23 02:40:00.0","룸살롱","186630.072444759    ","450017.491548589    ","룸살롱","","","","","","","","","","","","","","N","72.44","","",""
"3150000","3150000-102-2000-08773","20001205","","03","폐업","02","폐업","20050509","","","","02 6992751","99.21","157916","서울특별시 강서구 화곡동 1105-10번지 ","","","대월","2003-06-04 00:00:00","I","2018-08-31 23:59:59.0","룸살롱","186657.899817438    ","450054.478268775    ","룸살롱","1","5","유흥업소밀집지역","자율","상수도전용","","","","","","","","","N","99.21","","",""
"3150000","3150000-102-2000-08774","20001205","","03","폐업","02","폐업","20190214","","","","0226919674","69.45","157915","서울특별시 강서구 화곡동 981-3번지 지하1층 ","서울특별시 강서구 화곡로 288, 지하 1층 (화곡동, 6동)","07663","로마","2019-02-14 12:07:26","U","2019-02-16 02:40:00.0","룸살롱","186533.949891155    ","449765.847517601    ","룸살롱","1","4","유흥업소밀집지역","자율","상수도전용","","","","","","","","","N","69.45","","",""
"3150000","3150000-102-2001-09091","20010723","","03","폐업","02","폐업","20161230","","","","0226015479","205.74","157910","서울특별시 강서구 화곡동 937-12번지 외 1필지 (지하 1층) ","서울특별시 강서구 월정로18길 7, 지하 1층 (화곡동, 1동)","07775","슈퍼맨","2014-02-14 16:22:29","I","2018-08-31 23:59:59.0","룸살롱","185724.912513458    ","447467.344786703    ","룸살롱","2","2","유흥업소밀집지역","기타","상수도전용","","","","","","","","","N","205.74","","",""
"3150000","3150000-102-2001-09105","20010904","","03","폐업","02","폐업","20120430","","","","02 6989036","132.47","157909","서울특별시 강서구 화곡동 901-26번지 ","","","금잔디간이캬바레","2012-03-06 14:43:31","I","2018-08-31 23:59:59.0","카바레","186357.622061194    ","447454.456533971    ","카바레","1","2","유흥업소밀집지역","기타","상수도전용","","","","","","","","","N","132.47","","",""
"3150000","3150000-102-2001-09106","20011019","","01","영업/정상","01","영업","","","","","0226970606","72.22","157916","서울특별시 강서구 화곡동 1105-2 (지하 1층)","서울특별시 강서구 화곡로 319, 지하 1층 (화곡동, 6동)","07686","힐링노래바","2022-12-20 15:02:56","U","2021-11-01 22:02:00.0","룸살롱","186681.39197291","450058.637902177","","","","","","","","","","","","","","","","","","",""
"3150000","3150000-102-2001-09107","20011117","","01","영업/정상","01","영업","","","","","0226930905","76.42","157885","서울특별시 강서구 화곡동 380-14번지 (지하 1층) ","서울특별시 강서구 화곡로20길 51, 지하 1층 (화곡동, 1동)","07717","드라마","2018-04-18 13:18:44","I","2018-08-31 23:59:59.0","룸살롱","185524.223699911    ","448444.155083943    ","룸살롱","","","","","상수도전용","","","","","","","","","Y","76.42","","",""
"3150000","3150000-102-2001-09108","2001-11-20","","01","영업/정상","01","영업","","","","","0226974634","87.02","157-928","서울특별시 강서구 화곡동 1117-12 (지하 1층)","서울특별시 강서구 공항대로46길 100, 지하 1층 (화곡동, 6동)","07658","팡팡노래빠","2024-02-02 15:23:24","U","2023-12-02 00:04:00.0","룸살롱","186711.532684028","449978.563446826","","","","","","","","","","","","","","","","","","",""
"3150000","3150000-102-2001-09109","20011120","","01","영업/정상","01","영업","","","","","0226900609","365.43","157928","서울특별시 강서구 화곡동 1117-7번지 (지상 5층) ","서울특별시 강서구 공항대로46길 90, 5층 (화곡동, 6동)","07658","요준코소주호프노래타운","2018-04-11 16:22:01","I","2018-08-31 23:59:59.0","룸살롱","186742.624404896    ","450021.683309823    ","룸살롱","2","25","유흥업소밀집지역","관리","상수도전용","","","","","","","","","Y","365.43","","",""
"3150000","3150000-102-2001-09110","20011207","","03","폐업","02","폐업","20041213","","","","","","157924","서울특별시 강서구 화곡동 1065-1번지 ","","","보물섬비지니스","2003-06-04 00:00:00","I","2018-08-31 23:59:59.0","룸살롱","185657.465512704    ","448805.55684262     ","룸살롱","","","","","","","","","","","","","","N","0","","",""
"3150000","3150000-102-2001-09111","20011212","","03","폐업","02","폐업","20200106","","","","","195.80","157928","서울특별시 강서구 화곡동 1107-0번지 (지하 1층) 101~104호 ","서울특별시 강서구 공항대로 426, 지하 1층 101~104호 (화곡동, 6동)","07654","타이밍 노래바","2020-01-06 13:58:41","U","2020-01-08 02:40:00.0","룸살롱","187052.323132425    ","450291.97922408     ","룸살롱","","","","","상수도전용","","","","","","","","","Y","195.8","","",""
"3150000","3150000-102-2001-09113","20010608","","01","영업/정상","01","영업","","","","","0226066484","85.21","157924","서울특별시 강서구 화곡동 1065-31번지 (지하 1층) ","서울특별시 강서구 강서로 171, 지하 1층 (화곡동, 3동)","07714","승리노래바","2018-12-06 11:26:50","U","2018-12-08 02:40:00.0","룸살롱","185775.1            ","448849.97           ","룸살롱","","","","갑","상수도전용","","","","","","","","","N","85.21","","",""
"3150000","3150000-102-2001-09114","2001-06-05","","01","영업/정상","01","영업","","","","","0220656140","99.27","157-910","서울특별시 강서구 화곡동 935-19 (지하 1층)","서울특별시 강서구 월정로 102, 지하 1층 (화곡동, 1동)","07775","궁궐노래노래","2023-09-27 14:49:50","U","2022-12-08 22:09:00.0","노래클럽","185747.670138989","447360.27075665","","","","","","","","","","","","","","","","","","",""
"3150000","3150000-102-2002-00002","2002-03-20","","01","영업/정상","01","영업","","","","","0226952641","101.49","157-916","서울특별시 강서구 화곡동 998-1 (지하 1층)","서울특별시 강서구 화곡로 311, 지하 1층 (화곡동, 6동)","07686","마돈나","2023-06-30 09:23:42","U","2022-12-07 00:02:00.0","비어(바)살롱","186633.615401707","449992.341610083","","","","","","","","","","","","","","","","","","",""
"3150000","3150000-102-2002-00003","20020326","","03","폐업","02","폐업","20180930","","","","","91.88","157871","서울특별시 강서구 화곡동 1076-17번지 성지빌딩 (지하 1층) ","서울특별시 강서구 강서로 160, 지하 1층 (화곡동, 본동 성지빌딩)","07727","팡팡노래바뱅크","2018-09-07 11:52:43","U","2018-09-07 23:59:59.0","비어(바)살롱","185895.859248949    ","448779.419308876    ","비어(바)살롱","0","0","","","상수도전용","","","","","","","","","N","91.88","","",""
"3150000","3150000-102-2002-00004","20021122","","03","폐업","02","폐업","20161016","","","","0226935013","542.85","157928","서울특별시 강서구 화곡동 1111-7번지 외 1필지 (지하 1~2층) ","서울특별시 강서구 화곡로 342 (화곡동,외 1필지 (지하 1~2층))","07653","리젠트","2016-09-26 11:52:25","I","2018-08-31 23:59:59.0","룸살롱","186834.234500517    ","450221.185293857    ","룸살롱","3","7","","","상수도전용","","","","","","","","","N","542.85","","",""
"3150000","3150000-102-2002-00005","20021206","","03","폐업","02","폐업","20070516","","","","","72.09","157910","서울특별시 강서구 화곡동 921-20번지 ","","","하노바","2006-08-07 00:00:00","I","2018-08-31 23:59:59.0","룸살롱","","","룸살롱","1","1","","","상수도전용","","","","","","","","","N","72.09","","",""
"3150000","3150000-102-2002-00006","20021210","","01","영업/정상","01","영업","","","","","0226077436","1,270.83","157928","서울특별시 강서구 화곡동 1110-3 (지하 1~2층)","서울특별시 강서구 화곡로 354-10, 지하 1~2층 (화곡동, 6동)","07653","강서성인나이트","2022-08-04 17:42:23","U","2021-12-08 00:07:00.0","관광호텔나이트(디스코)","186892.947389352","450261.991363534","","","","","","","","","","","","","","","","","","",""
"3150000","3150000-102-2003-00001","20031022","","03","폐업","02","폐업","20180228","","","","0226970430","407.09","157924","서울특별시 강서구 화곡동 1065-22번지 (지하 1층) ","서울특별시 강서구 강서로 173, 지하 1층 (화곡동, 3동)","07714","엠파이어","2018-03-05 09:53:58","I","2018-08-31 23:59:59.0","고고(디스코)클럽","185758.413008633    ","448865.327203194    ","고고(디스코)클럽","3","2","","","상수도전용","","","","","","","","","Y","407.09","","",""
"3150000","3150000-102-2004-00001","20040102","","03","폐업","02","폐업","20050315","","","","","568.30","157290","서울특별시 강서구 외발산동 426번지 지하1층 ","","","메이플라워","2004-03-29 00:00:00","I","2018-08-31 23:59:59.0","룸살롱","183863.692502412    ","449443.610735042    ","룸살롱","5","10","기타","관리","상수도전용","","","","","","","","","N","568.3","","",""
"3150000","3150000-102-2004-00002","20040413","","01","영업/정상","01","영업","","","","","0226015875","108.04","157909","서울특별시 강서구 화곡동 898-5번지 (지상 2층) ","서울특별시 강서구 강서로 21, 2층 (화곡동, 1동)","07778","황궁노래바","2014-02-14 10:30:09","I","2018-08-31 23:59:59.0","기타","186448.247703979    ","447533.491978926    ","기타","1","2","유흥업소밀집지역","자율","","","","","","","","","","N","108.04","","",""
"3150000","3150000-102-2004-00003","20041119","","01","영업/정상","01","영업","","","","","0220656964","80.30","157909","서울특별시 강서구 화곡동 903-17 외 1필지 (지상 2층) ","서울특별시 강서구 강서로7길 5, 2층 (화곡동, 1동)","07778","챔피온","2020-12-08 11:52:13","U","2020-12-10 02:40:00.0","룸살롱","186443.006040441    ","447493.845170935    ","룸살롱","0","2","유흥업소밀집지역","","상수도전용","","","","","","","","","N","80.3","","",""
"3150000","3150000-102-2007-00001","20070810","","01","영업/정상","01","영업","","","","","0226075935","122.73","157916","서울특별시 강서구 화곡동 1105-12 스카이관광호텔 (지하 1층)","서울특별시 강서구 우장산로 128, 스카이관광호텔 지하 1층 (화곡동)","07686","테마","2022-06-29 17:24:42","U","2021-12-07 00:01:00.0","룸살롱","186684.34998103","450092.273931643","","","","","","","","","","","","","","","","","","",""
"3150000","3150000-102-2007-00002","20070817","","01","영업/정상","01","영업","","","","","0226925655","64.32","157909","서울특별시 강서구 화곡동 905-9번지 (지상 2층) ","서울특별시 강서구 강서로5나길 32, 2층 (화곡동, 1동)","07777","궁전노래노래","2020-02-28 14:25:24","U","2020-03-01 02:40:00.0","스텐드바","186355.084186229    ","447404.189780345    ","스텐드바","","","","","상수도전용","","","","","","","","","N","64.32","","",""
"3150000","3150000-102-2008-00001","20080515","","01","영업/정상","01","영업","","","","","0226937249","42.04","157928","서울특별시 강서구 화곡동 1117-13번지 (지하 1층) ","서울특별시 강서구 화곡로 316, 지하 1층 (화곡동, 6동)","07658","황후","2014-12-10 17:20:28","I","2018-08-31 23:59:59.0","룸살롱","186691.930788115    ","449987.435448534    ","룸살롱","","","유흥업소밀집지역","","상수도전용","","","","","","","","","N","42.04","","",""
"3150000","3150000-102-2008-00002","2008-06-13","","01","영업/정상","01","영업","","","","","0226080221","415.89","157-928","서울특별시 강서구 화곡동 1110-3 (지상 2층)","서울특별시 강서구 화곡로 354-10, 2층 (화곡동, 6동)","07653","칼튼비지니스","2023-12-20 15:23:11","U","2022-11-01 22:03:00.0","룸살롱","186892.947389352","450261.991363534","","","","","","","","","","","","","","","","","","",""
"3150000","3150000-102-2008-00003","20080924","","01","영업/정상","01","영업","","","","","0226948001","275.56","157916","서울특별시 강서구 화곡동 1097-4번지 (지상 14층) ","서울특별시 강서구 화곡로 327, 14층 (화곡동, 6동)","07649","이지","2018-07-13 16:45:51","I","2018-08-31 23:59:59.0","룸살롱","186720.895010675    ","450123.211356154    ","룸살롱","","","유흥업소밀집지역","","상수도전용","","","","","","","","","N","275.56","","",""
"3150000","3150000-102-2008-00004","20081224","","03","폐업","02","폐업","20180305","","","","0220657321","64.68","157916","서울특별시 강서구 화곡동 1105-10번지 (지하1층) ","서울특별시 강서구 우장산로16길 9 (화곡동,(지하1층))","","고구마","2018-03-05 09:52:11","I","2018-08-31 23:59:59.0","룸살롱","186657.899817438    ","450054.478268775    ","룸살롱","","","유흥업소밀집지역","","상수도전용","","","","","","","","","N","64.68","","",""
"3150000","3150000-102-2009-00001","2009-02-05","","01","영업/정상","01","영업","","","","","0226017679","177.83","157-916","서울특별시 강서구 화곡동 1097-4 2층","서울특별시 강서구 화곡로 327, 2층 (화곡동, 6동)","07649","허브룸클럽","2024-02-22 14:03:34","U","2023-12-01 22:04:00.0","룸살롱","186720.895010675","450123.211356154","","","","","","","","","","","","","","","","","","",""
"3150000","3150000-102-2009-00002","20090805","","01","영업/정상","01","영업","","","","","07081810041","86.80","157909","서울특별시 강서구 화곡동 898-1 화곡심포니타워 (지상 2층) 203호","서울특별시 강서구 강서로 27, 2층 203호 (화곡동, 1동 화곡심포니타워)","07778","사거리 노래바","2022-07-20 13:28:19","U","2021-12-06 22:02:00.0","룸살롱","186424.391650186","447580.544751681","","","","","","","","","","","","","","","","","","",""
"3150000","3150000-102-2009-00003","20091229","","01","영업/정상","01","영업","","","","","0226960055","90.64","157909","서울특별시 강서구 화곡동 902-1 (지하 1층)","서울특별시 강서구 곰달래로24길 24, 지하 1층 (화곡동, 1동)","07777","세븐노래바","2022-11-10 17:22:36","U","2021-10-31 23:02:00.0","룸살롱","186409.666666585","447486.578686209","","","","","","","","","","","","","","","","","","",""
"3150000","3150000-102-2010-00001","20100112","","01","영업/정상","01","영업","","","","","0226035585","70.00","157909","서울특별시 강서구 화곡동 905-9 (지하 1층)","서울특별시 강서구 강서로5나길 32, 지하 1층 (화곡동, 1동)","07777","황제노래바","2022-08-30 10:22:52","U","2021-12-09 00:01:00.0","룸살롱","186355.084186229","447404.189780345","","","","","","","","","","","","","","","","","","",""
"3150000","3150000-102-2010-00002","20100423","","01","영업/정상","01","영업","","","","","0226926183","88.93","157910","서울특별시 강서구 화곡동 938-18 (지하 1층)","서울특별시 강서구 곰달래로 52, 지하 1층 (화곡동, 1동)","07775","앵콜노래바","2022-05-04 15:21:41","U","2021-12-05 00:07:00.0","룸살롱","185665.130573245","447530.329627411","","","","","","","","","","","","","","","","","","",""
"3150000","3150000-102-2010-00003","20100513","","03","폐업","02","폐업","20180917","","","","0226900622","96.40","157928","서울특별시 강서구 화곡동 1116-5번지 (지하 1층) ","서울특별시 강서구 화곡로 334, 지하 1층 (화곡동, 6동)","07653","귀족","2018-09-17 13:25:22","U","2018-09-17 23:59:59.0","룸살롱","186789.993152046    ","450141.605743059    ","룸살롱","","","","","상수도전용","","","","","","","","","N","96.4","","",""
"3150000","3150000-102-2010-00004","20100914","","03","폐업","02","폐업","20200106","","","","","87.45","157909","서울특별시 강서구 화곡동 899-5번지 외 3필지 (지하 1층) ","서울특별시 강서구 곰달래로24길 18, 지하 1층 (화곡동, 1동)","07777","명품 노래바 O.K","2020-01-06 13:56:36","U","2020-01-08 02:40:00.0","룸살롱","186397.14456266     ","447525.601346498    ","룸살롱","","","학교정화(상대)","","상수도전용","","","","","","","","","N","87.45","","",""
"3150000","3150000-102-2012-00001","2012-01-25","","01","영업/정상","01","영업","","","","","0226957498","68.62","157-928","서울특별시 강서구 화곡동 1117-19 (지하 1층)","서울특별시 강서구 화곡로 328, 지하 1층 (화곡동, 6동)","07658","보물썸","2023-11-09 15:29:24","U","2022-10-31 23:01:00.0","룸살롱","186760.671551321","450084.209392883","","","","","","","","","","","","","","","","","","",""
"3150000","3150000-102-2012-00002","20120508","","01","영업/정상","01","영업","","","","","0236640475","66.73","157807","서울특별시 강서구 가양동 1479-4번지 씨드가양플라자 (지하 2층) 201-1호","서울특별시 강서구 양천로57길 13, 지하 2층 201-1호 (가양동, 2동 씨드가양플라자)","07527","황제","2018-03-16 09:54:46","I","2018-08-31 23:59:59.0","룸살롱","186856.937642624    ","451268.389266826    ","룸살롱","","","학교정화(상대)","","상수도전용","","","","","","","","","Y","66.73","","",""
"3150000","3150000-102-2012-00003","20120515","","01","영업/정상","01","영업","","","","","02 7908285","327.97","157928","서울특별시 강서구 화곡동 1116-3번지 삼보프라자 (지하 1층) ","서울특별시 강서구 화곡로 330, 지하 1층 (화곡동, 6동 삼보프라자)","07653","주식회사 클럽밤사","2020-06-23 17:10:18","U","2020-06-25 02:40:00.0","간이주점","186780.470195989    ","450119.939314207    ","간이주점","","","","","","","","","","","","","","N","327.97","","",""
"3150000","3150000-102-2012-00004","20120608","","01","영업/정상","01","영업","","","","","","95.47","157881","서울특별시 강서구 화곡동 343-59 (지하 1층)","서울특별시 강서구 강서로 35, 지하 1층 (화곡동, 1동)","07774","스타노래바","2022-12-15 13:49:03","U","2021-11-01 23:07:00.0","룸살롱","186395.325674803","447653.061783246","","","","","","","","","","","","","","","","","","",""
"3150000","3150000-102-2012-00005","20121012","","03","폐업","02","폐업","20200106","","","","0220658300","1,194.25","157928","서울특별시 강서구 화곡동 1110-0번지 노스탈자호텔 (지하 1~2층) ","서울특별시 강서구 화곡로 354-3, 지하 1~2층 (화곡동, 6동 노스탈자호텔)","","비비(BeeBee)소주,호프 노래타운","2020-01-06 13:55:55","U","2020-01-08 02:40:00.0","간이주점","186908.920793249    ","450297.393074396    ","간이주점","","","","","상수도전용","","","","","","","","","Y","1194.25","","",""
"3150000","3150000-102-2013-00001","2013-03-14","","01","영업/정상","01","영업","","","","","0226063427","75.04","157-881","서울특별시 강서구 화곡동 343-61 (지하 1층)","서울특별시 강서구 강서로 33, 지하 1층 (화곡동, 1동)","07774","부킹노래","2023-10-31 11:22:22","U","2022-11-01 00:02:00.0","룸살롱","186410.029196521","447620.811425584","","","","","","","","","","","","","","","","","","",""
"3150000","3150000-102-2013-00002","20130716","","01","영업/정상","01","영업","","","","","0226908080","90.72","157909","서울특별시 강서구 화곡동 902-10번지 (지하 1층) ","서울특별시 강서구 강서로7길 19, 지하 1층 (화곡동, 1동)","07777","텐 노래바","2019-06-27 14:29:27","U","2019-06-29 02:40:00.0","룸살롱","186380.634607259    ","447481.210076355    ","룸살롱","1","1","유흥업소밀집지역","","상수도전용","","","","","","","","","Y","90.72","","",""
"3150000","3150000-102-2014-00001","20140417","","03","폐업","02","폐업","20151026","","","","","88.92","157909","서울특별시 강서구 화곡동 904-1번지 (지하 1층) ","서울특별시 강서구 강서로5길 10, 지하 1층 (화곡동, 1동)","07778","SBS노래노래1","2015-07-03 14:30:42","I","2018-08-31 23:59:59.0","룸살롱","186493.155767558    ","447429.957011306    ","룸살롱","","","","","","","","","","","","","","N","88.92","","",""
"3150000","3150000-102-2014-00002","2014-09-24","","03","폐업","02","폐업","2023-10-27","","","","0226076638","89.69","157-909","서울특별시 강서구 화곡동 899-5 외 3필지 (지상 2층)","서울특별시 강서구 곰달래로24길 18, 2층 (화곡동, 1동)","07777","스텔라 노래바","2023-10-27 17:33:42","U","2022-10-30 22:09:00.0","카바레","186397.14456266","447525.601346498","","","","","","","","","","","","","","","","","","",""
"3150000","3150000-102-2015-00001","20150714","","01","영업/정상","01","영업","","","","","","74.16","157909","서울특별시 강서구 화곡동 901-27 지하1층(화곡1동)","서울특별시 강서구 강서로7길 31, 지하1층 (화곡동, 화곡1동)","07777","구찌노래바","2022-12-22 16:44:13","U","2021-11-01 22:04:00.0","룸살롱","186318.449831744","447470.974728264","","","","","","","","","","","","","","","","","","",""
"3150000","3150000-102-2015-00002","20151005","","01","영업/정상","01","영업","","","","","","97.00","157910","서울특별시 강서구 화곡동 936-4번지 1동, 지하1층 ","서울특별시 강서구 강서로7길 136, 지하1층 (화곡동, 1동)","07775","명품노래바","2015-10-05 14:25:36","I","2018-08-31 23:59:59.0","룸살롱","185799.527128936    ","447417.889884789    ","룸살롱","","1","유흥업소밀집지역","","상수도전용","","","","","","","","","N","97","","",""
"3150000","3150000-102-2015-00003","20151022","","01","영업/정상","01","영업","","","","","0226993777","121.44","157909","서울특별시 강서구 화곡동 903-10번지 (지상 2층) ","서울특별시 강서구 곰달래로24길 27, 2층 (화곡동, 1동)","07778","승리노래바","2018-11-15 16:04:28","U","2018-11-17 02:37:21.0","룸살롱","186437.390021875    ","447472.670706556    ","룸살롱","1","","유흥업소밀집지역","","상수도전용","","","","","","","","","Y","121.44","","",""
"3150000","3150000-102-2015-00004","20151022","","01","영업/정상","01","영업","","","","","","121.44","157909","서울특별시 강서구 화곡동 903-10번지 (지상 3층) ","서울특별시 강서구 곰달래로24길 27, 3층 (화곡동, 1동)","07778","수노래바","2017-02-23 11:13:27","I","2018-08-31 23:59:59.0","룸살롱","186437.390021875    ","447472.670706556    ","룸살롱","1","","유흥업소밀집지역","","상수도전용","","","","","","","","","Y","121.44","","",""
"3150000","3150000-102-2015-00005","20151022","","01","영업/정상","01","영업","","","","","","121.44","157909","서울특별시 강서구 화곡동 903-10번지 (지상 4층) ","서울특별시 강서구 곰달래로24길 27, 4층 (화곡동, 1동)","07778","일번지노래바","2017-05-29 13:30:54","I","2018-08-31 23:59:59.0","룸살롱","186437.390021875    ","447472.670706556    ","룸살롱","1","","유흥업소밀집지역","","상수도전용","","","","","","","","","N","121.44","","",""
"3150000","3150000-102-2015-00006","2015-11-09","","01","영업/정상","01","영업","","","","","","90.55","157-909","서울특별시 강서구 화곡동 903-10 (지하 1층)","서울특별시 강서구 곰달래로24길 27, 지하 1층 (화곡동, 1동)","07778","윈 노래바","2023-08-10 10:55:43","U","2022-12-07 23:02:00.0","룸살롱","186437.390021875","447472.670706556","","","","","","","","","","","","","","","","","","",""
"3150000","3150000-102-2016-00001","20160913","","01","영업/정상","01","영업","","","","","","20.47","157881","서울특별시 강서구 화곡동 343-61번지 지하1층, 1동 ","서울특별시 강서구 강서로 33, 지하1층 (화곡동, 1동)","07774","엠(M)클럽","2016-09-13 09:15:41","I","2018-08-31 23:59:59.0","기타","186410.029196521    ","447620.811425584    ","기타","","1","유흥업소밀집지역","","상수도전용","","","","","","","","","Y","20.47","","",""
"3150000","3150000-102-2016-00002","20161116","","01","영업/정상","01","영업","","","","","","98.99","157909","서울특별시 강서구 화곡동 901-16 (지하 1층) ","서울특별시 강서구 강서로7길 27, 지하 1층 (화곡동, 1동)","07777","카라 노래","2022-02-09 11:53:30","U","2022-02-11 02:40:00.0","룸살롱","186338.435938778    ","447474.815937871    ","룸살롱","0","0","","","","0","0","0","0","0","","0","0","Y","98.99","","",""
"3150000","3150000-102-2017-00001","20170524","","01","영업/정상","01","영업","","","","","","184.43","157928","서울특별시 강서구 화곡동 1117-7 (지하 1층 중 2층)","서울특별시 강서구 공항대로46길 90, 지일중 이층 (화곡동, 6동)","07658","밀크노래타운2","2022-04-25 16:47:31","U","2021-12-03 22:08:00.0","간이주점","186742.624404896","450021.683309823","","","","","","","","","","","","","","","","","","",""
"3150000","3150000-102-2017-00002","20170703","","01","영업/정상","01","영업","","","","","","146.05","157210","서울특별시 강서구 마곡동 795-6번지 뉴골든타워 (지하 1층) 101호","서울특별시 강서구 마곡중앙6로 89, 지하 1층 101호 (마곡동, 가양 1동 뉴골든타워)","07803","큐브","2019-11-11 11:29:59","U","2019-11-13 02:40:00.0","룸살롱","185553              ","450880              ","룸살롱","2","","","","","","","","","","","","","Y","146.05","","",""
"3150000","3150000-102-2017-00003","20170703","","01","영업/정상","01","영업","","","","","","96.96","157210","서울특별시 강서구 마곡동 795-6번지 뉴골든타워 (지하 1층) 102호","서울특별시 강서구 마곡중앙6로 89, 지하 1층 102호 (마곡동, 가양 1동 뉴골든타워)","07803","벙커","2019-11-26 14:35:37","U","2019-11-28 02:40:00.0","룸살롱","185553              ","450880              ","룸살롱","1","","","","","","","","","","","","","Y","96.96","","",""
"3150000","3150000-102-2017-00004","20170703","","01","영업/정상","01","영업","","","","","","95.29","157210","서울특별시 강서구 마곡동 795-6번지 뉴골든타워 (지하 1층) 102-1호","서울특별시 강서구 마곡중앙6로 89, 지하 1층 102-1호 (마곡동, 가양 1동 뉴골든타워)","07803","대박노래클럽","2019-06-03 14:44:29","U","2019-06-05 02:40:00.0","룸살롱","185553              ","450880              ","룸살롱","","","","","","","","","","","","","","Y","95.29","","",""
"3150000","3150000-102-2017-00005","20170724","","01","영업/정상","01","영업","","","","","","99.00","157210","서울특별시 강서구 마곡동 795-6 뉴골든타워 (지하 1층) 103호","서울특별시 강서구 마곡중앙6로 89, 지하 1층 103호 (마곡동, 가양 1동 뉴골든타워)","07803","킹","2020-06-24 10:30:51","U","2020-06-26 02:40:00.0","룸살롱","185553              ","450880              ","룸살롱","1","","","","","","","","","","","","","Y","99","","",""
"3150000","3150000-102-2017-00006","20170825","","01","영업/정상","01","영업","","","","","","92.96","157210","서울특별시 강서구 마곡동 795-6 뉴골든타워 (지상 6층) 601-1호","서울특별시 강서구 마곡중앙6로 89, 6층 601-1호 (마곡동, 가양 1동 뉴골든타워)","07803","친구","2022-09-27 09:58:56","U","2021-12-08 22:09:00.0","룸살롱","185553","450880","","","","","","","","","","","","","","","","","","",""
"3150000","3150000-102-2017-00007","2017-08-25","","01","영업/정상","01","영업","","","","","","64.98","157-210","서울특별시 강서구 마곡동 795-6 뉴골든타워 (지상 6층) 601호","서울특별시 강서구 마곡중앙6로 89, 6층 601호 (마곡동, 가양 1동 뉴골든타워)","07803","골든벨","2023-09-06 14:04:43","U","2022-12-09 00:08:00.0","룸살롱","185554.299381324","450891.312361248","","","","","","","","","","","","","","","","","","",""
"3150000","3150000-102-2017-00008","20170919","","01","영업/정상","01","영업","","","","","","139.63","157210","서울특별시 강서구 마곡동 795-6번지 뉴골든타워 (지상 6층) 604호","서울특별시 강서구 마곡중앙6로 89, 6층 604호 (마곡동, 가양 1동 뉴골든타워)","07803","신세계 노래빠","2019-08-21 11:08:10","U","2019-08-23 02:40:00.0","노래클럽","185553              ","450880              ","노래클럽","2","5","유흥업소밀집지역","","상수도전용","","","","","","","","","Y","139.63","","",""
"3150000","3150000-102-2017-00009","20170919","","01","영업/정상","01","영업","","","","","","86.62","157210","서울특별시 강서구 마곡동 795-6번지 뉴골든타워 (지상 6층) 603호","서울특별시 강서구 마곡중앙6로 89, 6층 603호 (마곡동, 가양 1동 뉴골든타워)","07803","선물","2019-04-16 15:34:38","U","2019-04-18 02:40:00.0","노래클럽","185553              ","450880              ","노래클럽","","","유흥업소밀집지역","","상수도전용","","","","","","","","","Y","86.62","","",""
"3150000","3150000-102-2017-00010","20170919","","01","영업/정상","01","영업","","","","","","80.55","157210","서울특별시 강서구 마곡동 795-6번지 뉴골든타워 (지상 6층) 603-1호","서울특별시 강서구 마곡중앙6로 89, 6층 603-1호 (마곡동, 가양 1동 뉴골든타워)","07803","아지트","2019-04-16 15:38:08","U","2019-04-18 02:40:00.0","노래클럽","185553              ","450880              ","노래클럽","","","","","","","","","","","","","","Y","80.55","","",""
"3150000","3150000-102-2017-00011","2017-12-11","","01","영업/정상","01","영업","","","","","","93.35","157-210","서울특별시 강서구 마곡동 795-6 뉴골든타워 (지상 6층) 602호","서울특별시 강서구 마곡중앙6로 89, 뉴골든타워 6층 602호 (마곡동)","07803","살아있네","2024-03-13 15:04:28","U","2023-12-02 23:06:00.0","룸살롱","185554.299381324","450891.312361248","","","","","","","","","","","","","","","","","","",""
"3150000","3150000-102-2017-00012","20171211","","01","영업/정상","01","영업","","","","","","77.00","157210","서울특별시 강서구 마곡동 795-6번지 뉴골든타워 (지상 6층) 602-1호","서울특별시 강서구 마곡중앙6로 89, 뉴골든타워 6층 602-1호 (마곡동)","07803","젠틀맨","2019-09-18 15:40:14","U","2019-09-20 02:40:00.0","간이주점","185553              ","450880              ","간이주점","","","유흥업소밀집지역","","상수도전용","","","","","","","","","Y","77","","",""
"3150000","3150000-102-2017-00013","20171211","","01","영업/정상","01","영업","","","","","","139.67","157210","서울특별시 강서구 마곡동 795-6번지 뉴골든타워 (지상 8층) 801호","서울특별시 강서구 마곡중앙6로 89, 뉴골든타워 8층 801호 (마곡동)","07803","소문 노래주점","2018-01-18 13:59:52","I","2018-08-31 23:59:59.0","룸살롱","185553              ","450880              ","룸살롱","","","유흥업소밀집지역","","상수도전용","","","","","","","","","Y","139.67","","",""
"3150000","3150000-102-2017-00014","20171227","","01","영업/정상","01","영업","","","","","","143.60","157210","서울특별시 강서구 마곡동 795-6번지 뉴골든타워 (지상 7층) 704호","서울특별시 강서구 마곡중앙6로 89, 뉴골든타워 7층 704호 (마곡동)","07803","상한가 노래주점","2019-04-01 15:27:44","U","2019-04-03 02:40:00.0","룸살롱","185553              ","450880              ","룸살롱","","","","","상수도전용","","","","","","","","","Y","143.6","","",""
"3150000","3150000-102-2017-00015","2017-12-29","","01","영업/정상","01","영업","","","","","","99.00","157-210","서울특별시 강서구 마곡동 795-6 뉴골든타워 (지상 7층) 703호","서울특별시 강서구 마곡중앙6로 89, 뉴골든타워 7층 703호 (마곡동)","07803","달려라토끼","2023-06-27 17:31:34","U","2022-12-05 22:09:00.0","룸살롱","185554.299381324","450891.312361248","","","","","","","","","","","","","","","","","","",""
"3150000","3150000-102-2017-00016","2017-12-29","","01","영업/정상","01","영업","","","","","","99.00","157-210","서울특별시 강서구 마곡동 795-6 뉴골든타워 (지상 7층) 703-1호","서울특별시 강서구 마곡중앙6로 89, 뉴골든타워 7층 703-1호 (마곡동)","07803","놀이터","2023-06-27 17:34:02","U","2022-12-05 22:09:00.0","룸살롱","185554.299381324","450891.312361248","","","","","","","","","","","","","","","","","","",""
"3150000","3150000-102-2018-00001","20180112","","01","영업/정상","01","영업","","","","","","88.36","157210","서울특별시 강서구 마곡동 795-6번지 뉴골든타워 (지상 5층) 502호","서울특별시 강서구 마곡중앙6로 89, 뉴골든타워 5층 502호 (마곡동)","07803","버닝","2019-04-16 10:03:23","U","2019-04-18 02:40:00.0","룸살롱","185553              ","450880              ","룸살롱","","","","","","","","","","","","","","Y","88.36","","",""
"3150000","3150000-102-2018-00002","2018-01-12","","01","영업/정상","01","영업","","","","","","85.65","157-210","서울특별시 강서구 마곡동 795-6 뉴골든타워 (지상 5층) 502-1호","서울특별시 강서구 마곡중앙6로 89, 뉴골든타워 5층 502-1호 (마곡동)","07803","유앤미","2023-09-20 15:18:45","U","2022-12-08 22:02:00.0","룸살롱","185554.299381324","450891.312361248","","","","","","","","","","","","","","","","","","",""
"3150000","3150000-102-2018-00003","2018-01-15","","01","영업/정상","01","영업","","","","","","85.52","157-210","서울특별시 강서구 마곡동 795-6 뉴골든타워 (지상 8층) 802호","서울특별시 강서구 마곡중앙6로 89, 뉴골든타워 8층 802호 (마곡동)","07803","파티노래클럽","2024-01-16 14:53:52","U","2023-11-30 22:00:00.0","룸살롱","185554.299381324","450891.312361248","","","","","","","","","","","","","","","","","","",""
"3150000","3150000-102-2018-00004","20180116","","01","영업/정상","01","영업","","","","","","140.50","157210","서울특별시 강서구 마곡동 795-6번지 뉴골든타워 (지상 8층) 804호","서울특별시 강서구 마곡중앙6로 89, 뉴골든타워 8층 804호 (마곡동)","07803","블랙노래빠","2019-02-07 09:40:24","U","2019-02-09 02:40:00.0","룸살롱","185553              ","450880              ","룸살롱","","","유흥업소밀집지역","","상수도전용","","","","","","","","","Y","140.5","","",""
"3150000","3150000-102-2018-00005","20180117","","01","영업/정상","01","영업","","","","","0220630090","97.00","157210","서울특별시 강서구 마곡동 795-6 뉴골든타워 (지상 8층) 802-1호","서울특별시 강서구 마곡중앙6로 89, 뉴골든타워 8층 802-1호 (마곡동)","07803","홀릭가라오케","2021-04-06 17:40:26","U","2021-04-08 02:40:00.0","룸살롱","185553              ","450880              ","룸살롱","","","유흥업소밀집지역","","상수도전용","","","","","","","","","Y","97","","",""
"3150000","3150000-102-2018-00006","20180119","","01","영업/정상","01","영업","","","","","","87.36","157210","서울특별시 강서구 마곡동 795-6번지 뉴골든타워 (지상 5층) 503호","서울특별시 강서구 마곡중앙6로 89, 뉴골든타워 5층 503호 (마곡동)","07803","라이브노래빵","2018-02-01 11:28:50","I","2018-08-31 23:59:59.0","룸살롱","185553              ","450880              ","룸살롱","","","유흥업소밀집지역","","상수도전용","","","","","","","","","Y","87.36","","",""
"3150000","3150000-102-2018-00007","2018-01-19","","01","영업/정상","01","영업","","","","","","82.74","157-210","서울특별시 강서구 마곡동 795-6 뉴골든타워 (지상 5층) 503-1호","서울특별시 강서구 마곡중앙6로 89, 뉴골든타워 5층 503-1호 (마곡동)","07803","퍼펙트 가라오케","2023-06-02 09:40:21","U","2022-12-06 00:04:00.0","룸살롱","185554.299381324","450891.312361248","","","","","","","","","","","","","","","","","","",""
"3150000","3150000-102-2018-00008","20180209","","01","영업/정상","01","영업","","","","","","139.42","157210","서울특별시 강서구 마곡동 795-6번지 뉴골든타워 (지상 7층) 701호","서울특별시 강서구 마곡중앙6로 89, 뉴골든타워 7층 701호 (마곡동)","07803","두바이","2018-10-10 14:52:39","U","2018-10-10 23:59:59.0","노래클럽","185553              ","450880              ","노래클럽","","","","","","","","","","","","","","Y","139.42","","",""
"3150000","3150000-102-2018-00009","20180209","","01","영업/정상","01","영업","","","","","","98.22","157210","서울특별시 강서구 마곡동 795-6번지 뉴골든타워 (지상 7층) 702A호","서울특별시 강서구 마곡중앙6로 89, 뉴골든타워 7층 702A호 (마곡동)","07803","춘자클럽","2018-03-19 11:52:44","I","2018-08-31 23:59:59.0","룸살롱","185553              ","450880              ","룸살롱","","","","","","","","","","","","","","Y","98.22","","",""
"3150000","3150000-102-2018-00010","2018-02-09","","01","영업/정상","01","영업","","","","","","97.99","157-210","서울특별시 강서구 마곡동 795-6 뉴골든타워 (지상 7층) 702호","서울특별시 강서구 마곡중앙6로 89, 뉴골든타워 7층 702호 (마곡동)","07803","발리 룸","2023-06-16 11:13:54","U","2022-12-05 23:08:00.0","룸살롱","185554.299381324","450891.312361248","","","","","","","","","","","","","","","","","","",""
"3150000","3150000-102-2018-00011","20180319","","01","영업/정상","01","영업","","","","","","87.24","157210","서울특별시 강서구 마곡동 795-6 뉴골든타워 (지상 8층) 803호","서울특별시 강서구 마곡중앙6로 89, 뉴골든타워 8층 803호 (마곡동)","07803","썸 노래클럽","2021-04-28 15:18:10","U","2021-04-30 02:40:00.0","룸살롱","185553              ","450880              ","룸살롱","","","유흥업소밀집지역","","상수도전용","","","","","","","","","Y","87.24","","",""
"3150000","3150000-102-2018-00012","20180319","","01","영업/정상","01","영업","","","","","","94.15","157210","서울특별시 강서구 마곡동 795-6번지 뉴골든타워 (지상 8층) 803-1호","서울특별시 강서구 마곡중앙6로 89, 뉴골든타워 8층 803-1호 (마곡동)","07803","소풍노래타운","2018-11-22 17:31:56","U","2018-11-24 02:37:41.0","룸살롱","185553              ","450880              ","룸살롱","","","","","","","","","","","","","","Y","94.15","","",""
"3150000","3150000-102-2018-00013","20181205","","01","영업/정상","01","영업","","","","","","89.71","157910","서울특별시 강서구 화곡동 915-35번지 ","서울특별시 강서구 강서로7길 85, 지하1층 (화곡동)","07776","허브노래바","2018-12-05 09:11:05","I","2018-12-07 02:20:08.0","룸살롱","186052.350489608    ","447441.46795631     ","룸살롱","1","","유흥업소밀집지역","","상수도전용","","","","","","","","","Y","89.71","","",""
"3150000","3150000-102-2019-00001","20190319","","01","영업/정상","01","영업","","","","","","78.60","157210","서울특별시 강서구 마곡동 795-6 뉴골든타워 ","서울특별시 강서구 마곡중앙6로 89, 뉴골든타워 5층 501호 (마곡동)","07803","텐션","2021-07-01 11:45:19","U","2021-07-03 02:40:00.0","룸살롱","185553              ","450880              ","룸살롱","","1","","","","","","","","","","","","Y","78.6","","",""
"3150000","3150000-102-2019-00002","20190319","","01","영업/정상","01","영업","","","","","","78.55","157210","서울특별시 강서구 마곡동 795-6 뉴골든타워 ","서울특별시 강서구 마곡중앙6로 89, 뉴골든타워 5층 501-1호 (마곡동)","07803","황진이","2021-07-09 16:31:20","U","2021-07-11 02:40:00.0","룸살롱","185553              ","450880              ","룸살롱","0","0","","","","0","0","0","0","0","","0","0","Y","78.55","","",""
"3150000","3150000-102-2019-00003","2019-07-22","","01","영업/정상","01","영업","","","","","","330.28","157-210","서울특별시 강서구 마곡동 795-6 뉴골든타워","서울특별시 강서구 마곡중앙6로 89, 뉴골든타워 지하1층 104호 (마곡동)","07803","뉴코뮤직타운 마곡점","2024-02-28 13:32:18","U","2023-12-03 00:01:00.0","노래클럽","185554.299381324","450891.312361248","","","","","","","","","","","","","","","","","","",""
"3150000","3150000-102-2019-00004","20191023","","01","영업/정상","01","영업","","","","","","87.48","157910","서울특별시 강서구 화곡동 915-10 ","서울특별시 강서구 강서로7길 67, 지하1층 (화곡동)","07776","루비","2020-12-10 16:41:58","U","2020-12-12 02:40:00.0","룸살롱","186140.563907889    ","447451.051464867    ","룸살롱","1","1","유흥업소밀집지역","","상수도전용","","","","","","","","","Y","87.48","","",""
"3150000","3150000-102-2020-00001","2020-06-17","","01","영업/정상","01","영업","","","","","","165.43","157-210","서울특별시 강서구 마곡동 795-6 뉴골든타워","서울특별시 강서구 마곡중앙6로 89, 뉴골든타워 지상5층 504호 (마곡동)","07803","마블 가라오케","2023-06-21 09:44:16","U","2022-12-05 22:03:00.0","룸살롱","185554.299381324","450891.312361248","","","","","","","","","","","","","","","","","","",""
"3150000","3150000-102-2020-00002","20201223","","01","영업/정상","01","영업","","","","","","73.65","157910","서울특별시 강서구 화곡동 935-1 지상4층 ","서울특별시 강서구 곰달래로16길 32, 4층 (화곡동)","07775","텐프로 노래바","2021-06-24 14:08:40","U","2021-06-26 02:40:00.0","룸살롱","185803.611845769    ","447396.45923655     ","룸살롱","","","유흥업소밀집지역","","상수도전용","","","","","","","","","Y","73.65","","",""
"3150000","3150000-102-2020-00003","20201230","","01","영업/정상","01","영업","","","","","","73.65","157910","서울특별시 강서구 화곡동 935-1 ","서울특별시 강서구 곰달래로16길 32, 3층 (화곡동)","07775","빅토리 노래바","2020-12-30 17:23:42","I","2021-01-01 00:23:05.0","룸살롱","185803.611845769    ","447396.45923655     ","룸살롱","","1","유흥업소밀집지역","","상수도전용","","","","","","","","","Y","73.65","","",""
"3150000","3150000-102-2020-00004","2020-12-30","","01","영업/정상","01","영업","","","","","","73.65","157-910","서울특별시 강서구 화곡동 935-1","서울특별시 강서구 곰달래로16길 32, 2층 (화곡동)","07775","궁전노래바","2023-04-11 11:00:37","U","2022-12-03 23:03:00.0","룸살롱","185803.611845769","447396.45923655","","","","","","","","","","","","","","","","","","",""
"3150000","3150000-102-2021-00001","2021-02-08","","01","영업/정상","01","영업","","","","","","64.41","157-910","서울특별시 강서구 화곡동 935-1 (지하 1층)","서울특별시 강서구 곰달래로16길 32, 지하 1층 (화곡동)","07775","두바이노래바","2023-09-25 14:13:04","U","2022-12-08 22:08:00.0","룸살롱","185803.611845769","447396.45923655","","","","","","","","","","","","","","","","","","",""
"3150000","3150000-102-2022-00001","2022-01-06","","01","영업/정상","01","영업","","","","","","77.50","157-909","서울특별시 강서구 화곡동 901-15 시온빌딩 401호","서울특별시 강서구 강서로7길 35, 시온빌딩 401호 (화곡동)","07777","도도(DODO)","2024-02-28 16:21:55","U","2023-12-03 00:01:00.0","룸살롱","186301.687755524","447468.61600408","","","","","","","","","","","","","","","","","","",""
"3150000","3150000-102-2022-00002","20220126","","01","영업/정상","01","영업","","","","","","85.46","157909","서울특별시 강서구 화곡동 901-15 시온빌딩 301호","서울특별시 강서구 강서로7길 35, 시온빌딩 3층 301호 (화곡동)","07777","나인노래바","2022-01-26 12:26:15","I","2022-01-28 00:22:39.0","룸살롱","186301.687755524    ","447468.61600408     ","룸살롱","0","0","","","상수도전용","0","0","0","0","0","","0","0","Y","85.46","","",""
"3150000","3150000-102-2022-00003","20220204","","01","영업/정상","01","영업","","","","","","62.40","157909","서울특별시 강서구 화곡동 901-15 시온빌딩 201호","서울특별시 강서구 강서로7길 35, 시온빌딩 2층 201호 (화곡동)","07777","스타노래바","2022-02-04 15:54:10","I","2022-02-08 00:22:38.0","룸살롱","186301.687755524    ","447468.61600408     ","룸살롱","0","0","","","상수도전용","0","0","0","0","0","","0","0","Y","62.4","","",""
"3150000","3150000-102-2022-00004","20220404","","01","영업/정상","01","영업","","","","","","81.69","157909","서울특별시 강서구 화곡동 901-15 시온빌딩 지하1층","서울특별시 강서구 강서로7길 35, 시온빌딩 지하1층 (화곡동)","07777","로마노래바","2022-10-13 14:20:18","U","2021-10-30 23:05:00.0","룸살롱","186301.687755524","447468.61600408","","","","","","","","","","","","","","","","","","",""
"3150000","3150000-102-2022-00005","20220413","","01","영업/정상","01","영업","","","","","","58.62","157909","서울특별시 강서구 화곡동 901-15 시온빌딩 501호","서울특별시 강서구 강서로7길 35, 시온빌딩 5층 501호 (화곡동)","07777","힐링노래바","2022-09-07 14:17:48","U","2021-12-08 23:01:00.0","룸살롱","186301.687755524","447468.61600408","","","","","","","","","","","","","","","","","","",""
"3150000","3150000-102-2022-00006","2022-11-14","","03","폐업","02","폐업","2023-12-07","","","","","444.30","157-928","서울특별시 강서구 화곡동 1117-10 지하1층","서울특별시 강서구 화곡로 318-1, 지하1층 (화곡동)","07658","강구 별밤","2023-12-07 07:51:22","U","2022-11-02 00:09:00.0","노래클럽","186712.751990345","450014.905648854","","","","","","","","","","","","","","","","","","",""
"3150000","3150000-102-2023-00001","2023-03-07","","01","영업/정상","01","영업","","","","","","94.22","157-909","서울특별시 강서구 화곡동 902-10 2층","서울특별시 강서구 강서로7길 19, 2층 (화곡동)","07777","휴노래바","2023-11-04 09:51:05","U","2022-11-01 00:06:00.0","룸살롱","186380.634607259","447481.210076355","","","","","","","","","","","","","","","","","","",""
"3150000","3150000-102-2023-00002","2023-04-04","","03","폐업","02","폐업","2023-04-11","","","","","85.50","157-910","서울특별시 강서구 화곡동 936-3 2층","서울특별시 강서구 곰달래로16길 26, 2층 (화곡동)","07775","골든노래팡","2023-04-11 09:53:16","U","2022-12-03 23:03:00.0","룸살롱","185799.419613729","447429.674761034","","","","","","","","","","","","","","","","","","",""
"3150000","3150000-102-2023-00004","2023-05-19","","01","영업/정상","01","영업","","","","","","85.50","157-910","서울특별시 강서구 화곡동 936-3 3층","서울특별시 강서구 곰달래로16길 26, 3층 (화곡동)","07775","디올노래팡","2023-12-14 14:50:22","U","2022-11-01 23:06:00.0","룸살롱","185799.419613729","447429.674761034","","","","","","","","","","","","","","","","","","",""
"3150000","3150000-102-2023-00005","2023-05-19","","01","영업/정상","01","영업","","","","","","85.50","157-910","서울특별시 강서구 화곡동 936-3 4층","서울특별시 강서구 곰달래로16길 26, 4층 (화곡동)","07775","골든노래타운4층","2023-05-18 17:35:49","I","2022-12-04 22:00:00.0","룸살롱","185799.419613729","447429.674761034","","","","","","","","","","","","","","","","","","",""
"3150000","3150000-102-2023-00006","2023-07-17","","01","영업/정상","01","영업","","","","","","90.67","157-909","서울특별시 강서구 화곡동 901-1 네스트인 Bo1호","서울특별시 강서구 강서로7길 23, 네스트인 B01호 (화곡동)","07777","티파니노래바","2023-10-10 11:30:00","I","2022-10-30 23:02:00.0","룸살롱","186354.662865615","447475.102501388","","","","","","","","","","","","","","","","","","",""